planet,name,a_m,e,i_deg,direction
Jupiter,Io,4.218000e+08,0.004,0.0,prograde
Jupiter,Europa,6.711000e+08,0.009,0.5,prograde
Jupiter,Ganymede,1.070400e+09,0.001,0.2,prograde
Jupiter,Callisto,1.882700e+09,0.007,0.3,prograde
Jupiter,Amalthea,1.814000e+08,0.003,0.4,prograde
Jupiter,Thebe,2.219000e+08,0.018,1.1,prograde
Jupiter,Adrastea,1.290000e+08,0.000,0.0,prograde
Jupiter,Metis,1.280000e+08,0.000,0.0,prograde
Jupiter,Himalia,1.143900e+10,0.160,28.4,prograde
Jupiter,Elara,1.171070e+10,0.212,27.8,prograde
Jupiter,Pasiphae,2.346320e+10,0.412,148.3,retrograde
Jupiter,Sinope,2.367930e+10,0.262,157.3,retrograde
Jupiter,Lysithea,1.169910e+10,0.117,27.7,prograde
Jupiter,Carme,2.313920e+10,0.261,164.6,retrograde
Jupiter,Ananke,2.102950e+10,0.238,147.6,retrograde
Jupiter,Leda,1.114520e+10,0.162,28.2,prograde
Jupiter,Callirrhoe,2.378940e+10,0.290,144.9,retrograde
Jupiter,Themisto,7.397000e+09,0.257,44.3,prograde
Jupiter,Magaclite,2.364010e+10,0.421,149.9,retrograde
Jupiter,Taygete,2.310340e+10,0.257,164.7,retrograde
Jupiter,Chaldene,2.292630e+10,0.261,164.7,retrograde
Jupiter,Harpalyke,2.088750e+10,0.239,147.8,retrograde
Jupiter,Kalyke,2.329800e+10,0.261,164.7,retrograde
Jupiter,Iocaste,2.106230e+10,0.223,148.7,retrograde
Jupiter,Erinome,2.302720e+10,0.272,164.3,retrograde
Jupiter,Isonoe,2.297630e+10,0.249,164.9,retrograde
Jupiter,Praxidike,2.093110e+10,0.245,148.2,retrograde
Jupiter,Autonoe,2.378520e+10,0.326,150.7,retrograde
Jupiter,Thyone,2.097270e+10,0.235,147.6,retrograde
Jupiter,Hermippe,2.110360e+10,0.220,150.2,retrograde
Jupiter,Aitne,2.305940e+10,0.273,164.5,retrograde
Jupiter,Eurydome,2.289450e+10,0.287,148.9,retrograde
Jupiter,Euanthe,2.082290e+10,0.243,148.1,retrograde
Jupiter,Euporie,1.926190e+10,0.148,145.5,retrograde
Jupiter,Orthosie,2.089780e+10,0.294,144.2,retrograde
Jupiter,Sponde,2.353870e+10,0.323,149.4,retrograde
Jupiter,Kale,2.304780e+10,0.262,164.6,retrograde
Jupiter,Pasithee,2.284080e+10,0.274,164.5,retrograde
Jupiter,Hegemone,2.334260e+10,0.357,152.5,retrograde
Jupiter,Mneme,2.081580e+10,0.240,147.8,retrograde
Jupiter,Aoede,2.377310e+10,0.437,155.7,retrograde
Jupiter,Thelxinoe,2.097230e+10,0.229,150.7,retrograde
Jupiter,Arche,2.309320e+10,0.263,164.5,retrograde
Jupiter,Kallichore,2.301710e+10,0.253,164.7,retrograde
Jupiter,Helike,2.091140e+10,0.155,154.4,retrograde
Jupiter,Carpo,1.703950e+10,0.415,53.3,prograde
Jupiter,Eukelade,2.306240e+10,0.274,164.7,retrograde
Jupiter,Cyllene,2.365000e+10,0.421,146.8,retrograde
Jupiter,Kore,2.420330e+10,0.338,141.7,retrograde
Jupiter,Herse,2.314670e+10,0.258,164.4,retrograde
Jupiter,S/2010_J_1,2.318560e+10,0.256,164.5,retrograde
Jupiter,S/2010_J_2,2.078690e+10,0.244,148.0,retrograde
Jupiter,Dia,1.225790e+10,0.232,29.1,prograde
Jupiter,S/2016_J_1,2.079670e+10,0.245,145.1,retrograde
Jupiter,S/2003_J_18,2.033280e+10,0.102,145.7,retrograde
Jupiter,S/2011_J_2,2.290340e+10,0.358,151.7,retrograde
Jupiter,Eirene,2.305130e+10,0.263,164.7,retrograde
Jupiter,Philophrosyne,2.260020e+10,0.221,146.1,retrograde
Jupiter,S/2017_J_1,2.373960e+10,0.321,145.6,retrograde
Jupiter,Eupheme,2.076340e+10,0.234,147.9,retrograde
Jupiter,S/2003_J_19,2.315310e+10,0.264,164.6,retrograde
Jupiter,Valetudo,1.869010e+10,0.217,34.5,prograde
Jupiter,S/2017_J_2,2.294960e+10,0.270,164.5,retrograde
Jupiter,S/2017_J_3,2.093650e+10,0.238,147.9,retrograde
Jupiter,Pandia,1.147960e+10,0.178,28.9,prograde
Jupiter,S/2017_J_5,2.320200e+10,0.261,164.7,retrograde
Jupiter,S/2017_J_6,2.325120e+10,0.333,149.6,retrograde
Jupiter,S/2017_J_7,2.096040e+10,0.235,147.4,retrograde
Jupiter,S/2017_J_8,2.281960e+10,0.259,164.8,retrograde
Jupiter,S/2017_J_9,2.176420e+10,0.197,155.4,retrograde
Jupiter,Ersa,1.139940e+10,0.117,29.0,prograde
Jupiter,S/2011_J_1,2.312080e+10,0.269,164.7,retrograde
Jupiter,S/2003_J_2,2.099290e+10,0.225,150.1,retrograde
Jupiter,S/2003_J_4,2.292230e+10,0.327,148.3,retrograde
Jupiter,S/2003_J_9,2.319510e+10,0.268,164.7,retrograde
Jupiter,S/2003_J_10,2.338440e+10,0.257,164.6,retrograde
Jupiter,S/2003_J_12,2.095930e+10,0.235,150.0,retrograde
Jupiter,S/2003_J_16,2.087750e+10,0.238,147.8,retrograde
Jupiter,S/2003_J_23,2.382400e+10,0.306,144.4,retrograde
Jupiter,S/2003_J_24,2.288240e+10,0.263,164.6,retrograde
Jupiter,S/2011_J_3,1.171680e+10,0.192,27.6,prograde
Jupiter,S/2018_J_2,1.141970e+10,0.152,28.3,prograde
Jupiter,S/2018_J_3,2.340020e+10,0.268,164.9,retrograde
Jupiter,S/2021_J_1,2.095470e+10,0.228,150.5,retrograde
Jupiter,S/2021_J_2,2.092660e+10,0.242,148.1,retrograde
Jupiter,S/2021_J_3,2.077660e+10,0.239,147.9,retrograde
Jupiter,S/2021_J_4,2.301970e+10,0.265,164.6,retrograde
Jupiter,S/2021_J_5,2.341460e+10,0.272,164.9,retrograde
Jupiter,S/2021_J_6,2.287040e+10,0.271,164.9,retrograde
Jupiter,S/2016_J_3,2.271930e+10,0.251,164.6,retrograde
Jupiter,S/2016_J_4,2.311390e+10,0.294,147.1,retrograde
Jupiter,S/2018_J_4,1.632850e+10,0.177,50.2,prograde
Jupiter,S/2022_J_1,2.274470e+10,0.257,164.5,retrograde
Jupiter,S/2022_J_2,2.307340e+10,0.263,164.7,retrograde
Jupiter,S/2022_J_3,2.101510e+10,0.248,148.1,retrograde
Jupiter,S/2017_J_10,2.107580e+10,0.209,145.1,retrograde
Jupiter,S/2017_J_11,2.299130e+10,0.268,164.8,retrograde
Jupiter,S/2011_J_4,1.110460e+10,0.128,28.5,prograde
Jupiter,S/2018_J_5,2.326990e+10,0.261,164.9,retrograde
Jupiter,S/2024_J_1,2.346210e+10,0.273,164.7,retrograde
Jupiter,S/2011_J_5,2.352780e+10,0.251,164.6,retrograde
Jupiter,S/2010_J_3,2.386290e+10,0.313,148.3,retrograde
Jupiter,S/2010_J_4,2.279340e+10,0.278,164.6,retrograde
Jupiter,S/2010_J_5,2.358100e+10,0.257,164.6,retrograde
Jupiter,S/2010_J_6,2.148980e+10,0.297,149.9,retrograde
Jupiter,S/2011_J_6,2.323870e+10,0.261,164.9,retrograde
Jupiter,S/2017_J_12,2.327050e+10,0.257,164.8,retrograde
Jupiter,S/2017_J_13,2.284270e+10,0.277,164.5,retrograde
Jupiter,S/2017_J_14,2.341250e+10,0.436,142.7,retrograde
Jupiter,S/2017_J_15,2.317030e+10,0.232,149.2,retrograde
Jupiter,S/2017_J_16,2.300780e+10,0.268,164.7,retrograde
Jupiter,S/2017_J_17,1.177610e+10,0.164,29.0,prograde
Jupiter,S/2017_J_18,2.292380e+10,0.254,164.9,retrograde
Jupiter,S/2021_J_7,2.330590e+10,0.253,149.4,retrograde
Jupiter,S/2021_J_8,2.097890e+10,0.243,147.1,retrograde
Saturn,Mimas,1.860000e+08,0.020,1.6,prograde
Saturn,Enceladus,2.384000e+08,0.005,0.0,prograde
Saturn,Tethys,2.950000e+08,0.001,1.1,prograde
Saturn,Dione,3.777000e+08,0.002,0.0,prograde
Saturn,Rhea,5.272000e+08,0.001,0.3,prograde
Saturn,Titan,1.221900e+09,0.029,0.3,prograde
Saturn,Hyperion,1.481500e+09,0.105,0.6,prograde
Saturn,Iapetus,3.561700e+09,0.028,7.6,prograde
Saturn,Phoebe,1.292940e+10,0.164,175.2,retrograde
Saturn,Helene,3.776000e+08,0.007,0.2,prograde
Saturn,Telesto,2.950000e+08,0.001,1.2,prograde
Saturn,Calypso,2.950000e+08,0.001,1.5,prograde
Saturn,Methone,1.947000e+08,0.002,0.0,prograde
Saturn,Polydeuces,3.776000e+08,0.019,0.2,prograde
Saturn,Janus,1.515000e+08,0.007,0.2,prograde
Saturn,Epimetheus,1.514000e+08,0.020,0.3,prograde
Saturn,Atlas,1.377000e+08,0.001,0.0,prograde
Saturn,Prometheus,1.394000e+08,0.002,0.0,prograde
Saturn,Pandora,1.417000e+08,0.004,0.0,prograde
Saturn,Pan,1.336000e+08,0.000,0.0,prograde
Saturn,Pallene,2.123000e+08,0.004,0.2,prograde
Saturn,Daphnis,1.365000e+08,0.000,0.0,prograde
Saturn,Anthe,1.981000e+08,0.002,0.0,prograde
Saturn,Aegaeon,1.675000e+08,0.000,0.0,prograde
Saturn,Ymir,2.295560e+10,0.338,172.3,retrograde
Saturn,Paaliaq,1.499770e+10,0.378,48.5,prograde
Saturn,Tarvos,1.821660e+10,0.522,37.8,prograde
Saturn,Ijiraq,1.134470e+10,0.293,49.2,prograde
Saturn,Suttungr,1.939190e+10,0.116,175.7,retrograde
Saturn,Kiviuq,1.130740e+10,0.275,48.0,prograde
Saturn,Mundilfari,1.858820e+10,0.211,167.1,retrograde
Saturn,Albiorix,1.632920e+10,0.482,36.8,prograde
Saturn,Skathi,1.557540e+10,0.281,151.6,retrograde
Saturn,Erriapus,1.750690e+10,0.475,37.1,prograde
Saturn,Siarnaq,1.788110e+10,0.308,47.8,prograde
Saturn,Thrymr,2.033050e+10,0.467,175.0,retrograde
Saturn,Narvi,1.928500e+10,0.441,142.2,retrograde
Saturn,Aegir,2.066440e+10,0.255,166.1,retrograde
Saturn,Bebhionn,1.702730e+10,0.459,38.6,prograde
Saturn,Bergelmir,1.926810e+10,0.145,158.8,retrograde
Saturn,Bestla,2.033780e+10,0.486,138.3,retrograde
Saturn,Farbauti,2.029070e+10,0.249,156.2,retrograde
Saturn,Fenrir,2.233080e+10,0.137,164.5,retrograde
Saturn,Fornjot,2.493680e+10,0.213,170.0,retrograde
Saturn,Hati,1.969500e+10,0.372,165.4,retrograde
Saturn,Hyrrokkin,1.834090e+10,0.336,149.9,retrograde
Saturn,Kari,2.203210e+10,0.469,153.0,retrograde
Saturn,Loge,2.291920e+10,0.191,168.1,retrograde
Saturn,Skoll,1.762340e+10,0.463,159.4,retrograde
Saturn,Surtur,2.274800e+10,0.448,168.4,retrograde
Saturn,Jarnsaxa,1.927350e+10,0.218,163.0,retrograde
Saturn,Greip,1.838000e+10,0.317,174.2,retrograde
Saturn,Tarqeq,1.775100e+10,0.144,48.7,prograde
Saturn,Gridr,1.925060e+10,0.187,163.9,retrograde
Saturn,Angrboda,2.059150e+10,0.216,177.7,retrograde
Saturn,Skrymir,2.144740e+10,0.437,175.6,retrograde
Saturn,Gerd,2.094750e+10,0.517,174.4,retrograde
Saturn,S/2004_S_26,2.609750e+10,0.147,172.9,retrograde
Saturn,Eggther,1.984460e+10,0.157,165.0,retrograde
Saturn,S/2004_S_29,1.706390e+10,0.485,38.6,prograde
Saturn,Beli,2.070370e+10,0.087,158.9,retrograde
Saturn,Gunnlod,2.114180e+10,0.251,160.4,retrograde
Saturn,Thiazzi,2.357750e+10,0.511,158.8,retrograde
Saturn,S/2004_S_34,2.414580e+10,0.279,168.3,retrograde
Saturn,Alvaldi,2.199380e+10,0.238,177.4,retrograde
Saturn,Geirrod,2.225940e+10,0.539,154.4,retrograde
Saturn,S/2004_S_31,1.749710e+10,0.159,48.0,prograde
Saturn,S/2004_S_24,2.333820e+10,0.071,37.4,prograde
Saturn,S/2004_S_28,2.186590e+10,0.159,167.9,retrograde
Saturn,S/2004_S_21,2.316090e+10,0.394,153.2,retrograde
Saturn,S/2004_S_36,2.339080e+10,0.625,153.3,retrograde
Saturn,S/2004_S_37,1.595630e+10,0.448,158.2,retrograde
Saturn,S/2004_S_39,2.319240e+10,0.100,165.9,retrograde
Saturn,S/2004_S_7,2.132760e+10,0.511,164.8,retrograde
Saturn,S/2004_S_12,1.980100e+10,0.337,164.7,retrograde
Saturn,S/2004_S_13,1.845370e+10,0.265,169.0,retrograde
Saturn,S/2004_S_17,1.969900e+10,0.162,167.9,retrograde
Saturn,S/2006_S_1,1.874630e+10,0.105,156.1,retrograde
Saturn,S/2006_S_3,2.135310e+10,0.432,156.1,retrograde
Saturn,S/2007_S_2,1.593910e+10,0.232,174.0,retrograde
Saturn,S/2007_S_3,1.961440e+10,0.150,173.8,retrograde
Saturn,S/2019_S_1,1.124540e+10,0.383,49.5,prograde
Saturn,S/2019_S_2,1.656030e+10,0.279,173.3,retrograde
Saturn,S/2019_S_3,1.707740e+10,0.248,166.9,retrograde
Saturn,S/2020_S_1,1.133860e+10,0.337,48.2,prograde
Saturn,S/2020_S_2,1.786900e+10,0.152,170.7,retrograde
Saturn,S/2004_S_40,1.607560e+10,0.297,169.2,retrograde
Saturn,S/2006_S_9,1.440670e+10,0.249,173.0,retrograde
Saturn,S/2007_S_5,1.583560e+10,0.104,158.4,retrograde
Saturn,S/2020_S_3,1.805680e+10,0.142,46.0,prograde
Saturn,S/2019_S_4,1.795190e+10,0.408,170.1,retrograde
Saturn,S/2004_S_41,1.809540e+10,0.301,165.7,retrograde
Saturn,S/2020_S_4,1.823640e+10,0.496,40.1,prograde
Saturn,S/2020_S_5,1.839100e+10,0.220,48.2,prograde
Saturn,S/2007_S_6,1.854500e+10,0.168,166.5,retrograde
Saturn,S/2004_S_42,1.824070e+10,0.158,165.7,retrograde
Saturn,S/2006_S_10,1.897990e+10,0.151,161.6,retrograde
Saturn,S/2019_S_5,1.909010e+10,0.216,158.8,retrograde
Saturn,S/2004_S_43,1.893570e+10,0.432,171.1,retrograde
Saturn,S/2004_S_44,1.951540e+10,0.129,167.7,retrograde
Saturn,S/2004_S_45,1.969370e+10,0.551,154.0,retrograde
Saturn,S/2006_S_11,1.971190e+10,0.143,174.1,retrograde
Saturn,S/2006_S_12,1.957030e+10,0.542,38.6,prograde
Saturn,S/2019_S_6,1.820560e+10,0.120,46.4,prograde
Saturn,S/2006_S_13,1.995330e+10,0.313,162.0,retrograde
Saturn,S/2019_S_7,2.018510e+10,0.233,174.2,retrograde
Saturn,S/2019_S_8,2.028740e+10,0.311,172.8,retrograde
Saturn,S/2019_S_9,2.035970e+10,0.433,159.5,retrograde
Saturn,S/2004_S_46,2.051380e+10,0.249,177.2,retrograde
Saturn,S/2019_S_10,2.070030e+10,0.248,163.9,retrograde
Saturn,S/2004_S_47,1.605070e+10,0.291,160.9,retrograde
Saturn,S/2019_S_11,2.066420e+10,0.513,144.6,retrograde
Saturn,S/2006_S_14,2.106230e+10,0.060,166.7,retrograde
Saturn,S/2019_S_12,2.089500e+10,0.476,167.1,retrograde
Saturn,S/2020_S_6,2.125330e+10,0.480,166.9,retrograde
Saturn,S/2019_S_13,2.096450e+10,0.318,177.3,retrograde
Saturn,S/2005_S_4,1.132450e+10,0.315,48.0,prograde
Saturn,S/2007_S_7,1.593160e+10,0.217,169.3,retrograde
Saturn,S/2007_S_8,1.704890e+10,0.490,36.2,prograde
Saturn,S/2020_S_7,1.739400e+10,0.500,161.4,retrograde
Saturn,S/2019_S_14,1.785280e+10,0.172,46.2,prograde
Saturn,S/2019_S_15,2.119110e+10,0.257,157.8,retrograde
Saturn,S/2005_S_5,2.136490e+10,0.588,169.5,retrograde
Saturn,S/2006_S_15,2.179960e+10,0.117,161.1,retrograde
Saturn,S/2006_S_16,2.172120e+10,0.204,164.1,retrograde
Saturn,S/2006_S_17,2.238420e+10,0.425,168.7,retrograde
Saturn,S/2004_S_48,2.213740e+10,0.374,161.9,retrograde
Saturn,S/2020_S_8,2.196720e+10,0.252,161.8,retrograde
Saturn,S/2004_S_49,2.239940e+10,0.453,159.8,retrograde
Saturn,S/2004_S_50,2.234500e+10,0.450,164.0,retrograde
Saturn,S/2006_S_18,2.276060e+10,0.131,169.5,retrograde
Saturn,S/2019_S_16,2.326520e+10,0.250,162.0,retrograde
Saturn,S/2019_S_17,2.272270e+10,0.546,155.5,retrograde
Saturn,S/2019_S_18,2.313950e+10,0.509,154.6,retrograde
Saturn,S/2019_S_19,2.304440e+10,0.458,151.8,retrograde
Saturn,S/2019_S_20,2.367790e+10,0.354,156.0,retrograde
Saturn,S/2006_S_19,2.380050e+10,0.467,175.5,retrograde
Saturn,S/2004_S_51,2.520710e+10,0.201,171.2,retrograde
Saturn,S/2020_S_9,2.540870e+10,0.531,161.4,retrograde
Saturn,S/2004_S_52,2.644640e+10,0.291,165.4,retrograde
Saturn,S/2007_S_9,2.017460e+10,0.360,159.3,retrograde
Saturn,S/2004_S_53,2.327980e+10,0.240,162.6,retrograde
Saturn,S/2020_S_10,2.531530e+10,0.296,165.6,retrograde
Saturn,S/2019_S_21,2.643950e+10,0.155,171.9,retrograde
Saturn,S/2006_S_20,1.319370e+10,0.206,173.1,retrograde
Saturn,S/2004_S_54,1.127750e+10,0.373,48.1,prograde
Saturn,S/2004_S_55,1.129470e+10,0.260,48.9,prograde
Saturn,S/2004_S_56,1.367020e+10,0.339,161.6,retrograde
Saturn,S/2004_S_57,1.815050e+10,0.263,167.9,retrograde
Saturn,S/2004_S_58,1.825450e+10,0.249,45.7,prograde
Saturn,S/2004_S_59,1.917070e+10,0.262,167.3,retrograde
Saturn,S/2004_S_60,1.951700e+10,0.280,173.8,retrograde
Saturn,S/2004_S_61,2.098690e+10,0.466,168.4,retrograde
Saturn,S/2005_S_6,1.810730e+10,0.084,47.7,prograde
Saturn,S/2005_S_7,1.850250e+10,0.565,34.6,prograde
Saturn,S/2006_S_21,1.497650e+10,0.204,169.8,retrograde
Saturn,S/2006_S_22,1.510950e+10,0.246,172.0,retrograde
Saturn,S/2006_S_23,1.826970e+10,0.190,43.8,prograde
Saturn,S/2006_S_24,1.821070e+10,0.352,165.9,retrograde
Saturn,S/2006_S_25,1.857240e+10,0.303,158.8,retrograde
Saturn,S/2006_S_26,1.861930e+10,0.248,171.9,retrograde
Saturn,S/2006_S_27,1.920570e+10,0.140,170.5,retrograde
Saturn,S/2006_S_28,2.195510e+10,0.210,172.9,retrograde
Saturn,S/2006_S_29,2.521210e+10,0.239,156.2,retrograde
Saturn,S/2007_S_10,1.136490e+10,0.367,45.8,prograde
Saturn,S/2007_S_11,1.743440e+10,0.499,35.5,prograde
Saturn,S/2019_S_22,1.130510e+10,0.369,47.3,prograde
Saturn,S/2019_S_23,1.131020e+10,0.255,48.7,prograde
Saturn,S/2019_S_24,1.136050e+10,0.345,46.7,prograde
Saturn,S/2019_S_25,1.132940e+10,0.271,48.1,prograde
Saturn,S/2019_S_26,1.139090e+10,0.365,48.1,prograde
Saturn,S/2019_S_27,1.626700e+10,0.420,162.1,retrograde
Saturn,S/2019_S_28,1.749600e+10,0.199,158.4,retrograde
Saturn,S/2019_S_29,1.735390e+10,0.441,37.7,prograde
Saturn,S/2019_S_30,1.770990e+10,0.107,168.3,retrograde
Saturn,S/2019_S_31,1.773910e+10,0.488,39.8,prograde
Saturn,S/2019_S_32,1.796050e+10,0.276,46.2,prograde
Saturn,S/2019_S_33,1.869610e+10,0.289,170.4,retrograde
Saturn,S/2019_S_34,1.844680e+10,0.536,37.6,prograde
Saturn,S/2019_S_35,1.855780e+10,0.577,157.3,retrograde
Saturn,S/2019_S_36,1.990320e+10,0.161,166.9,retrograde
Saturn,S/2019_S_37,1.999690e+10,0.404,149.9,retrograde
Saturn,S/2019_S_38,2.199840e+10,0.399,163.0,retrograde
Saturn,S/2019_S_39,2.378450e+10,0.098,174.5,retrograde
Saturn,S/2019_S_40,2.408780e+10,0.088,161.8,retrograde
Saturn,S/2019_S_41,2.449360e+10,0.257,157.1,retrograde
Saturn,S/2019_S_42,2.411160e+10,0.121,163.2,retrograde
Saturn,S/2019_S_43,2.666410e+10,0.277,165.3,retrograde
Saturn,S/2019_S_44,2.679690e+10,0.512,172.6,retrograde
Saturn,S/2020_S_11,1.129560e+10,0.372,48.2,prograde
Saturn,S/2020_S_12,1.131450e+10,0.260,50.8,prograde
Saturn,S/2020_S_13,1.141560e+10,0.373,48.0,prograde
Saturn,S/2020_S_14,1.618620e+10,0.313,161.7,retrograde
Saturn,S/2020_S_15,1.672920e+10,0.462,37.1,prograde
Saturn,S/2020_S_16,1.696340e+10,0.405,167.3,retrograde
Saturn,S/2020_S_17,1.709420e+10,0.378,148.9,retrograde
Saturn,S/2020_S_18,1.777790e+10,0.180,168.9,retrograde
Saturn,S/2020_S_19,1.772670e+10,0.159,48.1,prograde
Saturn,S/2020_S_20,1.799730e+10,0.133,169.8,retrograde
Saturn,S/2020_S_21,1.886210e+10,0.307,169.9,retrograde
Saturn,S/2020_S_22,1.944300e+10,0.059,161.3,retrograde
Saturn,S/2020_S_23,1.980150e+10,0.089,165.0,retrograde
Saturn,S/2020_S_24,2.061830e+10,0.230,159.6,retrograde
Saturn,S/2020_S_25,2.076370e+10,0.316,171.8,retrograde
Saturn,S/2020_S_26,2.126440e+10,0.273,163.2,retrograde
Saturn,S/2020_S_27,2.180230e+10,0.255,145.3,retrograde
Saturn,S/2020_S_28,2.199370e+10,0.474,160.1,retrograde
Saturn,S/2020_S_29,2.230140e+10,0.047,169.1,retrograde
Saturn,S/2020_S_30,2.179070e+10,0.601,154.2,retrograde
Saturn,S/2020_S_31,2.245730e+10,0.238,163.8,retrograde
Saturn,S/2020_S_32,2.188410e+10,0.502,169.1,retrograde
Saturn,S/2020_S_33,2.292250e+10,0.555,162.8,retrograde
Saturn,S/2020_S_34,2.243560e+10,0.154,160.6,retrograde
Saturn,S/2020_S_35,2.303030e+10,0.225,174.9,retrograde
Saturn,S/2020_S_36,2.280620e+10,0.336,168.8,retrograde
Saturn,S/2020_S_37,2.375180e+10,0.344,174.8,retrograde
Saturn,S/2020_S_38,2.358390e+10,0.513,159.7,retrograde
Saturn,S/2020_S_39,2.426240e+10,0.305,160.1,retrograde
Saturn,S/2020_S_40,2.378590e+10,0.412,167.3,retrograde
Saturn,S/2020_S_41,2.587640e+10,0.402,160.2,retrograde
Saturn,S/2020_S_42,2.532940e+10,0.506,157.5,retrograde
Saturn,S/2020_S_43,2.665740e+10,0.203,164.6,retrograde
Saturn,S/2020_S_44,2.725940e+10,0.199,168.5,retrograde
Saturn,S/2023_S_1,1.120540e+10,0.386,48.8,prograde
Saturn,S/2023_S_2,1.130990e+10,0.339,45.7,prograde
Saturn,S/2023_S_3,1.764640e+10,0.178,46.9,prograde
Saturn,S/2023_S_4,1.776460e+10,0.276,170.0,retrograde
Saturn,S/2023_S_5,2.558350e+10,0.599,168.8,retrograde
Saturn,S/2023_S_6,1.195310e+10,0.336,47.4,prograde
Saturn,S/2023_S_7,1.213370e+10,0.284,44.7,prograde
Saturn,S/2023_S_8,1.401880e+10,0.122,166.9,retrograde
Saturn,S/2023_S_9,1.316750e+10,0.141,172.2,retrograde
Saturn,S/2023_S_10,1.550020e+10,0.302,163.0,retrograde
Saturn,S/2023_S_11,1.404610e+10,0.300,170.9,retrograde
Saturn,S/2023_S_12,1.580590e+10,0.601,168.8,retrograde
Saturn,S/2023_S_13,1.519300e+10,0.179,168.5,retrograde
Saturn,S/2023_S_14,1.685300e+10,0.497,171.6,retrograde
Saturn,S/2023_S_15,1.824130e+10,0.549,161.9,retrograde
Saturn,S/2023_S_16,1.700530e+10,0.270,162.6,retrograde
Saturn,S/2023_S_17,1.738530e+10,0.498,35.9,prograde
Saturn,S/2023_S_18,1.738170e+10,0.448,36.7,prograde
Saturn,S/2023_S_19,1.759030e+10,0.092,48.2,prograde
Saturn,S/2023_S_20,1.726100e+10,0.442,136.5,retrograde
Saturn,S/2023_S_21,1.775540e+10,0.077,157.3,retrograde
Saturn,S/2023_S_22,1.857750e+10,0.182,47.5,prograde
Saturn,S/2023_S_23,1.878370e+10,0.350,164.8,retrograde
Saturn,S/2023_S_24,1.835180e+10,0.374,169.7,retrograde
Saturn,S/2023_S_25,1.913660e+10,0.281,166.4,retrograde
Saturn,S/2023_S_26,1.989430e+10,0.306,163.9,retrograde
Saturn,S/2023_S_27,1.982010e+10,0.652,151.1,retrograde
Saturn,S/2023_S_28,1.988100e+10,0.575,168.7,retrograde
Saturn,S/2023_S_29,2.004240e+10,0.141,172.2,retrograde
Saturn,S/2023_S_30,1.823830e+10,0.493,142.4,retrograde
Saturn,S/2023_S_31,2.072920e+10,0.182,163.0,retrograde
Saturn,S/2023_S_32,2.045440e+10,0.037,169.8,retrograde
Saturn,S/2023_S_33,2.162190e+10,0.665,155.8,retrograde
Saturn,S/2023_S_34,2.080390e+10,0.570,168.4,retrograde
Saturn,S/2023_S_35,2.226970e+10,0.151,168.5,retrograde
Saturn,S/2023_S_36,2.223060e+10,0.359,166.3,retrograde
Saturn,S/2023_S_37,1.988980e+10,0.215,172.3,retrograde
Saturn,S/2023_S_38,1.282350e+10,0.909,149.2,retrograde
Saturn,S/2023_S_39,2.082450e+10,0.124,164.8,retrograde
Saturn,S/2023_S_40,2.106510e+10,0.342,169.6,retrograde
Saturn,S/2023_S_41,2.128640e+10,0.279,172.1,retrograde
Saturn,S/2023_S_42,2.183700e+10,0.059,166.7,retrograde
Saturn,S/2023_S_43,2.256390e+10,0.264,170.3,retrograde
Saturn,S/2023_S_44,1.929240e+10,0.434,167.4,retrograde
Saturn,S/2023_S_45,2.343840e+10,0.633,157.4,retrograde
Saturn,S/2023_S_46,2.470890e+10,0.336,143.2,retrograde
Saturn,S/2023_S_47,2.510230e+10,0.101,162.5,retrograde
Saturn,S/2023_S_48,2.002920e+10,0.022,169.7,retrograde
Saturn,S/2023_S_49,2.176650e+10,0.026,171.7,retrograde
Saturn,S/2023_S_50,1.165650e+10,0.263,166.1,retrograde
Saturn,S/2020_S_45,2.350770e+10,0.199,172.8,retrograde
Saturn,S/2020_S_46,1.889210e+10,0.207,167.3,retrograde
Saturn,S/2020_S_47,2.139740e+10,0.564,146.1,retrograde
Saturn,S/2020_S_48,1.135510e+10,0.373,45.9,prograde
Saturn,S/2023_S_51,2.343150e+10,0.191,163.3,retrograde
Saturn,S/2023_S_52,2.252800e+10,0.124,146.2,retrograde
Saturn,S/2023_S_53,1.718110e+10,0.103,171.2,retrograde
Saturn,S/2023_S_54,1.748510e+10,0.480,37.8,prograde
Saturn,S/2023_S_55,1.687510e+10,0.491,35.9,prograde
Saturn,S/2023_S_56,1.128750e+10,0.358,45.4,prograde
Saturn,S/2023_S_57,2.053610e+10,0.245,168.0,retrograde
Saturn,S/2020_S_49,1.130590e+10,0.373,48.0,prograde
Saturn,S/2023_S_58,1.720600e+10,0.093,169.6,retrograde
Saturn,S/2023_S_59,2.006400e+10,0.467,169.5,retrograde
Saturn,S/2023_S_60,1.749370e+10,0.206,170.7,retrograde
Saturn,S/2023_S_61,1.806770e+10,0.557,158.0,retrograde
Saturn,S/2023_S_62,1.402590e+10,0.467,155.6,retrograde
Saturn,S/2023_S_63,1.848260e+10,0.266,165.0,retrograde
Uranus,Ariel,1.909290e+08,0.001,0.0,prograde
Uranus,Umbriel,2.659860e+08,0.004,0.1,prograde
Uranus,Titania,4.362980e+08,0.002,0.1,prograde
Uranus,Oberon,5.835110e+08,0.002,0.1,prograde
Uranus,Miranda,1.298460e+08,0.001,4.4,prograde
Uranus,Cordelia,4.975500e+07,0.000,0.2,prograde
Uranus,Ophelia,5.376500e+07,0.011,0.2,prograde
Uranus,Bianca,5.917000e+07,0.006,2.3,prograde
Uranus,Cressida,6.177000e+07,0.004,1.8,prograde
Uranus,Desdemona,6.266300e+07,0.007,3.1,prograde
Uranus,Juliet,6.436200e+07,0.006,3.0,prograde
Uranus,Portia,6.610100e+07,0.004,2.7,prograde
Uranus,Rosalind,6.993000e+07,0.003,1.7,prograde
Uranus,Belinda,7.525800e+07,0.002,1.4,prograde
Uranus,Puck,8.600700e+07,0.009,1.1,prograde
Uranus,Perdita,7.641800e+07,0.005,1.6,prograde
Uranus,Mab,9.773700e+07,0.006,1.8,prograde
Uranus,Cupid,7.439600e+07,0.007,2.0,prograde
Uranus,S/2025_U_1,5.784400e+07,0.039,4.0,prograde
Uranus,Caliban,7.167000e+09,0.200,141.4,retrograde
Uranus,Sycorax,1.219320e+10,0.520,157.0,retrograde
Uranus,Prospero,1.622100e+10,0.441,149.4,retrograde
Uranus,Setebos,1.751980e+10,0.579,153.9,retrograde
Uranus,Stephano,7.951400e+09,0.235,143.6,retrograde
Uranus,Trinculo,8.502600e+09,0.220,167.1,retrograde
Uranus,Francisco,4.275700e+09,0.144,146.8,retrograde
Uranus,Margaret,1.442500e+10,0.642,60.5,prograde
Uranus,Ferdinand,2.042140e+10,0.395,169.2,retrograde
Uranus,S/2023_U_1,7.976600e+09,0.250,143.9,retrograde
Neptune,Triton,3.548000e+08,0.000,157.3,retrograde
Neptune,Naiad,4.820000e+07,0.000,4.7,prograde
Neptune,Thalassa,5.010000e+07,0.000,0.2,prograde
Neptune,Despina,5.250000e+07,0.000,0.0,prograde
Neptune,Galatea,6.200000e+07,0.000,0.0,prograde
Neptune,Larissa,7.350000e+07,0.001,0.2,prograde
Neptune,Proteus,1.176000e+08,0.000,0.0,prograde
Neptune,Hippocamp,1.053000e+08,0.001,0.3,prograde
Neptune,Nereid,5.513900e+09,0.751,5.1,prograde
Neptune,Halimede,1.659050e+10,0.521,119.6,retrograde
Neptune,Psamathe,4.764660e+10,0.413,127.8,retrograde
Neptune,Sao,2.223990e+10,0.296,50.2,prograde
Neptune,Laomedeia,2.349990e+10,0.419,36.9,prograde
Neptune,Neso,4.989780e+10,0.455,128.4,retrograde
Neptune,S/2002_N_5,2.341470e+10,0.433,46.3,prograde
Neptune,S/2021_N_1,5.070020e+10,0.503,135.2,retrograde
