seq,name,R_deconv_pc,R_obs_pc,M_core_msun,M_core_err_msun,T_dust_K,T_dust_err_K,N_H2_peak_cm2,N_H2_av_cm2,N_H2_avd_cm2,n_H2_peak_cm3,n_H2_av_cm3,n_H2_avd_cm3,alpha_BE,core_type,no_sed_fit,tentative_bound,co_high_vlsr
1,182154.6-025557,0.026,0.037,0.09,0.05,11.5,4.5,1e+21,8e+20,1.6e+21,5000,5000,14000,5.6,starless,1,0,0
2,182215.5-030107,0.023,0.033,0.09,0.05,11.5,4.5,1.1e+21,1e+21,2.2e+21,6000,7000,21000,4.7,starless,1,0,0
3,182246.4-032847,0.029,0.038,0.09,0.05,11.5,4.5,1e+21,8e+20,1.4e+21,6000,4000,11000,6,starless,1,0,0
4,182254.4-033415,0.025,0.034,0.11,0.05,11.5,4.5,1.2e+21,1.1e+21,2e+21,7000,7000,18000,4.6,starless,1,0,0
5,182303.8-032358,0.02,0.032,0.11,0.05,11.5,4.5,1.3e+21,1.3e+21,3.3e+21,7000,9000,36000,3.6,prestellar,1,1,0
6,182320.8-030539,0.019,0.032,0.1,0.05,11.5,4.5,1.1e+21,1.1e+21,3.1e+21,6000,8000,35000,3.9,prestellar,1,1,0
7,182324.2-025449,0.018,0.03,0.08,0.04,11.5,4.5,2.2e+21,1e+21,2.7e+21,13000,7000,32000,4.8,starless,1,0,0
8,182325.5-030410,0.034,0.048,0.67,0.23,9.6,0.7,7.2e+21,3.5e+21,6.9e+21,35000,16000,45000,1,prestellar,0,0,0
9,182325.9-025725,0.047,0.052,0.25,0.13,11.5,4.5,1.5e+21,1.1e+21,1.4e+21,7000,5000,6000,3.7,starless,1,0,0
10,182331.8-030327,0.076,0.081,2.13,0.6,9.8,0.6,6.4e+21,3.9e+21,4.3e+21,22000,11000,12000,0.7,prestellar,0,0,0
11,182339.9-031334,0.043,0.049,0.15,0.08,12.9,1.7,2.3e+21,8e+20,1e+21,11000,3000,5000,5.5,starless,0,0,0
12,182340.8-025616,0.02,0.032,0.08,0.04,11.5,4.5,9e+20,1e+21,2.6e+21,6000,7000,29000,4.7,starless,1,0,0
13,182344.2-025439,0.015,0.028,0.05,0.02,11.5,4.5,6e+20,8e+20,2.6e+21,4000,6000,38000,6,starless,1,0,0
14,182345.6-025551,0.043,0.048,0.67,0.44,9.8,1.4,7.6e+21,3.4e+21,4.4e+21,37000,15000,23000,1.3,prestellar,0,0,0
15,182347.5-025532,0.024,0.038,0.18,0.09,11.5,4.5,1.7e+21,1.5e+21,3.6e+21,9000,9000,32000,2.7,prestellar,1,1,0
16,182352.2-025550,0.015,0.028,0.22,0.24,9.6,1.9,4.3e+21,3.5e+21,1.22e+22,27000,28000,183000,1.3,prestellar,0,0,0
17,182352.8-025457,0.011,0.023,0.03,0.01,11.5,4.5,4e+20,7e+20,2.6e+21,3000,6000,50000,7.7,starless,1,0,0
18,182353.5-025436,0.088,0.092,0.44,0.22,11.5,4.5,2e+21,6e+20,7e+20,6000,2000,2000,3.9,starless,1,0,0
19,182404.2-025513,0.035,0.042,0.09,0.04,11.5,4.5,1e+21,6e+20,8e+20,5000,3000,5000,8,starless,1,0,0
20,182406.0-025633,0.066,0.07,0.3,0.15,11.5,4.5,1.7e+21,7e+20,8e+20,6000,2000,3000,4.3,starless,1,0,0
21,182410.1-034403,0.043,0.051,0.32,0.04,12.7,1.3,2.8e+21,1.5e+21,2e+21,13000,6000,10000,2.7,prestellar,0,1,0
22,182411.8-020512,0.025,0.039,0.06,0.03,11.5,4.5,1e+21,5e+20,1.2e+21,5000,3000,11000,7.6,starless,1,0,0
23,182428.8-025329,0.039,0.046,0.11,0.06,13.1,2.2,2.5e+21,6e+20,9e+20,13000,3000,5000,6.8,starless,0,0,0
24,182429.8-034118,0.035,0.042,0.13,0.08,10.9,1.5,2e+21,9e+20,1.3e+21,11000,4000,8000,5.2,starless,0,0,0
25,182435.4-031340,0.038,0.046,0.16,0.08,11.5,4.5,1.3e+21,9e+20,1.4e+21,7000,4000,8000,4.5,starless,1,0,0
26,182456.1-023101,0.042,0.049,0.1,0.04,11.7,1.1,1.5e+21,5e+20,7e+20,7000,2000,4000,8.2,starless,0,0,0
27,182500.5-030133,0.027,0.041,0.84,0.3,8.9,0.6,1.04e+22,5.9e+21,1.36e+22,55000,32000,109000,0.6,prestellar,0,0,0
28,182502.6-025242,0.032,0.044,0.08,0.04,16.9,2.5,1.1e+21,5e+20,1e+21,6000,3000,7000,7.6,starless,0,0,0
29,182509.9-035115,0.026,0.035,0.15,0.03,12.6,0.5,2.8e+21,1.4e+21,2.6e+21,16000,9000,22000,3.5,prestellar,0,1,0
30,182510.2-025845,0.031,0.039,0.57,0.28,11.5,4.5,9.9e+21,4.4e+21,6.8e+21,54000,25000,48000,1.1,prestellar,1,0,0
31,182511.4-025851,0.019,0.031,0.33,0.05,11.7,0.5,6.5e+21,4e+21,1.04e+22,39000,28000,117000,1.2,protostellar,0,0,0
32,182513.1-025955,0.017,0.029,0.85,0.42,11.5,4.5,1.08e+22,1.18e+22,3.48e+22,67000,88000,447000,0.4,protostellar,1,0,0
33,182513.7-025858,0.032,0.039,0.51,0.08,11.6,0.4,1.01e+22,3.9e+21,5.9e+21,55000,22000,40000,1.2,prestellar,0,0,0
34,182517.0-025540,0.02,0.031,0.1,0.05,11.5,4.5,1.2e+21,1.2e+21,2.9e+21,7000,9000,32000,3.9,prestellar,1,1,0
35,182520.4-025200,0.032,0.04,0.09,0.05,11.5,4.5,9e+20,7e+20,1.1e+21,5000,4000,7000,6.8,starless,1,0,0
36,182522.1-025538,0.04,0.049,0.18,0.09,12.5,1.5,2.2e+21,9e+20,1.3e+21,11000,4000,7000,4.5,starless,0,0,0
37,182529.8-025335,0.053,0.058,0.12,0.07,12.8,1.8,2e+21,4e+20,5e+20,8000,2000,2000,8.4,starless,0,0,0
38,182531.6-024905,0.12,0.12,1.01,0.51,11.5,4.5,2.1e+21,8e+20,9e+20,5000,1000,2000,2.3,prestellar,1,1,0
39,182536.5-030001,0.12,0.13,1.97,0.71,11.4,0.9,4.7e+21,1.5e+21,1.5e+21,11000,3000,3000,1.2,prestellar,0,0,0
40,182543.9-024940,0.023,0.035,0.1,0.05,11.5,4.5,9e+20,9e+20,2.2e+21,5000,6000,21000,4.7,starless,1,0,0
41,182545.9-025655,0.062,0.067,0.28,0.14,11.5,4.5,1.8e+21,8e+20,9e+20,7000,2000,3000,4.3,starless,1,0,0
42,182546.7-030547,0.037,0.045,0.11,0.07,14.1,2.7,2e+21,6e+20,9e+20,10000,3000,6000,6.7,starless,0,0,0
43,182546.8-025438,0.023,0.036,0.1,0.05,11.5,4.5,1.4e+21,9e+20,2.3e+21,8000,6000,23000,4.5,starless,1,0,0
44,182559.0-025424,0.035,0.042,0.06,0.05,13.7,3.4,1.4e+21,4e+20,6e+20,7000,2000,4000,11.6,starless,0,0,0
45,182603.5-035148,0.042,0.049,0.08,0.02,15.8,1.1,1e+21,4e+20,5e+20,5000,2000,3000,10.5,starless,0,0,0
46,182624.0-035127,0.038,0.045,0.13,0.08,13.2,2.2,1.8e+21,7e+20,1.1e+21,9000,4000,6000,5.8,starless,0,0,0
47,182629.6-030109,0.04,0.046,0.12,0.05,12.5,1.5,2.3e+21,7e+20,9e+20,11000,3000,5000,6.5,starless,0,0,0
48,182633.0-034415,0.069,0.074,0.61,0.31,11.5,4.5,2.8e+21,1.3e+21,1.5e+21,10000,4000,5000,2.2,prestellar,1,1,0
49,182641.0-033626,0.018,0.029,0.15,0.09,10.3,1.3,3.5e+21,2.2e+21,5.6e+21,21000,16000,67000,2.3,prestellar,0,1,0
50,182642.9-032851,0.02,0.032,0.47,0.23,9.2,0.9,7.1e+21,5.5e+21,1.42e+22,43000,38000,158000,0.8,prestellar,0,0,0
51,182644.1-032606,0.028,0.041,0.21,0.11,11.5,4.5,2.4e+21,1.5e+21,3.3e+21,13000,8000,26000,2.6,prestellar,1,1,0
52,182644.1-040143,0.047,0.053,0.17,0.09,11.5,4.5,1.8e+21,7e+20,9e+20,8000,3000,4000,5.3,starless,1,0,0
53,182705.3-025212,0.039,0.045,0.33,0.05,13.5,0.6,4.7e+21,1.9e+21,2.6e+21,24000,9000,15000,2.3,prestellar,0,1,0
54,182707.0-025033,0.033,0.04,0.15,0.12,12.3,2.5,2.4e+21,1.1e+21,1.7e+21,13000,6000,11000,4.2,starless,0,0,0
55,182713.3-034014,0.015,0.027,0.03,0.01,16.9,3.7,8e+20,4e+20,1.3e+21,5000,4000,18000,11.9,protostellar,0,0,0
56,182714.2-034441,0.026,0.035,0.37,0.32,9.1,1.6,6e+21,3.5e+21,6.7e+21,34000,22000,57000,1.4,prestellar,0,0,0
57,182720.7-035109,0.027,0.041,0.18,0.12,10.6,1.6,2.5e+21,1.2e+21,2.9e+21,13000,6000,23000,3,prestellar,0,1,0
58,182721.6-033954,0.02,0.033,0.09,0.04,11.8,1.1,1.1e+21,1e+21,2.6e+21,7000,6000,28000,4.5,starless,0,0,0
59,182721.9-030252,0.034,0.041,0.14,0.11,11.8,2.4,2.2e+21,1e+21,1.5e+21,12000,5000,10000,4.8,starless,0,0,0
60,182722.1-005034,0.03,0.039,0.44,0.22,11.5,4.5,4.9e+21,3.4e+21,5.7e+21,27000,19000,41000,1.4,prestellar,1,0,0
61,182722.5-034207,0.053,0.058,1.96,0.87,8.7,0.8,1.45e+22,6.8e+21,8.2e+21,63000,26000,34000,0.5,prestellar,0,0,0
62,182724.1-005007,0.066,0.07,0.23,0.05,13.1,0.8,2.4e+21,6e+20,6e+20,9000,2000,2000,5.6,starless,0,0,0
63,182730.2-035032,0.037,0.051,1.95,0.85,10.4,1.3,1.88e+22,8.7e+21,1.69e+22,88000,37000,100000,0.4,prestellar,0,0,0
64,182731.5-030218,0.022,0.033,0.09,0.08,12,2.7,1.9e+21,9e+20,2.2e+21,11000,6000,22000,4.9,starless,0,0,0
65,182734.9-033936,0.035,0.046,0.62,0.34,10.1,1.1,9.3e+21,3.5e+21,5.9e+21,46000,16000,37000,1.1,prestellar,0,0,0
66,182737.9-035047,0.018,0.03,0.04,0.01,25.5,3.4,8e+20,5e+20,1.3e+21,5000,4000,16000,9.9,starless,0,0,0
67,182739.2-004354,0.021,0.033,0.08,0.05,11.8,1.7,1.5e+21,8e+20,2.1e+21,9000,6000,22000,5.4,starless,0,0,0
68,182740.6-034935,0.018,0.03,0.6,0.04,23.3,0.2,8.1e+21,8.1e+21,2.21e+22,49000,60000,270000,0.6,protostellar,0,0,0
69,182743.2-042841,0.017,0.028,0.06,0.03,11.5,4.5,1.1e+21,1e+21,2.6e+21,7000,8000,34000,5.3,starless,1,0,0
70,182743.2-041648,0.027,0.036,0.15,0.07,13,1.3,3.6e+21,1.4e+21,2.5e+21,20000,9000,20000,3.5,prestellar,0,1,0
71,182744.5-035413,0.042,0.048,0.13,0.07,14.5,4.5,3.4e+21,7e+20,9e+20,17000,3000,5000,6.3,starless,1,0,0
72,182745.2-041719,0.056,0.061,0.8,0.26,10.9,0.8,7.9e+21,2.5e+21,3e+21,33000,9000,12000,1.4,prestellar,0,0,0
73,182745.3-033013,0.071,0.075,0.52,0.13,12.4,0.8,3.1e+21,1.1e+21,1.2e+21,11000,3000,4000,2.7,prestellar,0,1,0
74,182747.2-033940,0.038,0.045,0.21,0.11,11.5,4.5,2.6e+21,1.3e+21,1.8e+21,13000,6000,10000,3.5,prestellar,1,1,0
75,182748.6-003311,0.048,0.053,0.41,0.1,11.3,0.6,5.1e+21,1.7e+21,2.1e+21,23000,7000,10000,2.3,prestellar,0,1,0
76,182748.7-030928,0.083,0.086,0.5,0.25,11.5,4.5,2.2e+21,8e+20,9e+20,7000,2000,2000,3.3,starless,1,0,0
77,182749.9-034912,0.016,0.028,0.16,0.04,15.5,0.8,3.7e+21,2.6e+21,7.4e+21,23000,20000,99000,2,protostellar,0,0,0
78,182751.4-035317,0.029,0.04,0.07,0.04,16.9,2.7,9e+20,5e+20,9e+20,5000,3000,7000,8.6,starless,0,0,0
79,182754.3-034237,0.02,0.031,2.06,0.26,12.3,0.5,4.24e+22,2.48e+22,6.42e+22,255000,173000,721000,0.2,protostellar,0,0,0
80,182755.3-033037,0.051,0.056,0.6,0.2,11.6,0.9,6.2e+21,2.3e+21,2.7e+21,27000,9000,12000,1.7,prestellar,0,0,0
81,182756.5-025711,0.026,0.037,0.15,0.08,11.5,4.5,1.9e+21,1.3e+21,2.7e+21,10000,8000,23000,3.3,prestellar,1,1,0
82,182756.9-034357,0.039,0.045,0.24,0.09,14.7,1.4,3.2e+21,1.4e+21,1.9e+21,16000,7000,11000,3.1,prestellar,0,1,0
83,182757.4-033548,0.023,0.034,0.09,0.05,11.5,4.5,1.1e+21,1e+21,2e+21,7000,6000,19000,5,starless,1,0,0
84,182757.5-034046,0.072,0.078,4.55,1.06,10.2,0.6,3.73e+22,8.9e+21,1.05e+22,130000,25000,32000,0.3,prestellar,0,0,0
85,182758.8-034948,0.036,0.043,2,0.3,12.9,0.3,1.51e+22,1.28e+22,1.88e+22,79000,65000,116000,0.4,prestellar,0,0,0
86,182801.9-033921,0.019,0.031,0.1,0.05,11.5,4.5,1.2e+21,1.2e+21,3.2e+21,8000,8000,37000,3.8,prestellar,1,1,0
87,182803.8-012214,0.04,0.048,1.96,0.53,8.9,0.5,2.4e+22,1.02e+22,1.47e+22,117000,47000,81000,0.4,prestellar,0,0,0
88,182805.4-034021,0.02,0.031,0.09,0.04,11.5,4.5,1.2e+21,1.1e+21,2.6e+21,7000,8000,29000,4.5,starless,1,0,0
89,182806.6-034720,0.022,0.033,0.2,0.1,11.5,4.5,1.26e+22,2.2e+21,4.9e+21,74000,14000,48000,2.2,prestellar,1,1,0
90,182806.6-034623,0.042,0.048,0.8,0.41,13.3,1.7,1.83e+22,4.1e+21,5.5e+21,89000,19000,29000,1,prestellar,0,0,0
91,182808.0-032558,0.037,0.044,0.1,0.05,11.5,4.5,1e+21,6e+20,8e+20,5000,3000,5000,7.4,starless,1,0,0
92,182809.2-034809,0.016,0.027,3.06,0.43,13.4,0.7,5.49e+22,5.08e+22,1.494e+23,349000,416000,2.099e+06,0.1,protostellar,0,0,0
93,182809.3-013354,0.04,0.046,0.41,0.17,10.9,1.2,5.7e+21,2.3e+21,3.1e+21,28000,11000,17000,1.9,prestellar,0,0,0
94,182809.9-013450,0.061,0.065,0.94,0.3,12,1.1,7e+21,2.7e+21,3e+21,28000,9000,11000,1.3,prestellar,0,0,0
95,182810.0-015110,0.09,0.093,1.27,0.51,11.9,1.3,5.3e+21,1.7e+21,1.9e+21,16000,4000,4000,1.4,prestellar,0,0,0
96,182810.1-034656,0.053,0.057,0.76,0.26,12.8,1,1.8e+22,2.8e+21,3.3e+21,79000,11000,14000,1.4,prestellar,0,0,0
97,182812.9-034434,0.019,0.03,0.08,0.04,11.5,4.5,1.1e+21,1e+21,2.5e+21,7000,7000,29000,4.9,starless,1,0,0
98,182813.0-034735,0.021,0.032,0.21,0.1,11.5,4.5,8e+21,2.4e+21,5.5e+21,47000,16000,56000,2,prestellar,1,1,0
99,182813.2-013718,0.018,0.029,0.06,0.03,11.5,4.5,9e+20,8e+20,2.1e+21,6000,6000,26000,6.2,starless,1,0,0
100,182814.4-032915,0.075,0.079,0.67,0.33,11.5,4.5,2.7e+21,1.3e+21,1.4e+21,9000,4000,4000,2.2,prestellar,1,1,0
101,182814.7-041645,0.038,0.046,0.16,0.08,11.5,4.5,1.5e+21,9e+20,1.3e+21,7000,4000,8000,4.6,starless,1,0,0
102,182816.4-013939,0.017,0.029,0.09,0.05,11.5,4.5,1.2e+21,1.3e+21,3.9e+21,8000,10000,50000,3.6,prestellar,1,1,0
103,182816.6-041504,0.048,0.054,0.16,0.08,12.5,1.5,2.4e+21,7e+20,8e+20,11000,3000,4000,5.8,starless,0,0,0
104,182816.9-013756,0.038,0.045,0.31,0.15,11.5,4.5,4e+21,1.8e+21,2.5e+21,21000,9000,14000,2.5,prestellar,1,1,0
105,182817.1-035248,0.048,0.053,0.26,0.11,10.7,1,3e+21,1.1e+21,1.3e+21,14000,4000,6000,3.7,starless,0,0,0
106,182818.3-015302,0.025,0.038,0.11,0.05,11.5,4.5,1.2e+21,9e+20,2e+21,7000,5000,17000,4.6,starless,1,0,0
107,182819.7-034522,0.018,0.029,0.08,0.04,11.5,4.5,1e+21,1.1e+21,2.9e+21,6000,8000,35000,4.4,prestellar,1,1,0
108,182820.5-013857,0.052,0.058,2.61,0.47,9.6,0.3,1.75e+22,9.2e+21,1.13e+22,76000,35000,47000,0.4,prestellar,0,0,0
109,182821.6-035218,0.018,0.03,0.06,0.03,11.5,4.5,9e+20,8e+20,2.3e+21,5000,6000,27000,5.7,starless,1,0,0
110,182822.8-041353,0.038,0.046,1.6,0.35,9,0.4,1.95e+22,9e+21,1.29e+22,97000,43000,73000,0.5,prestellar,0,0,0
111,182822.9-034502,0.019,0.03,0.19,0.14,10,1.5,4.7e+21,2.5e+21,6.3e+21,29000,18000,73000,2,prestellar,0,0,0
112,182823.2-034308,0.03,0.039,0.32,0.2,10.3,1.4,5.6e+21,2.5e+21,4.1e+21,31000,14000,29000,1.9,prestellar,0,0,0
113,182824.1-041452,0.026,0.036,0.11,0.06,11.5,4.5,7.6e+21,1e+21,1.9e+21,43000,6000,16000,4.6,starless,1,0,0
114,182825.1-024741,0.042,0.049,0.16,0.08,11.5,4.5,1.8e+21,8e+20,1.1e+21,9000,4000,6000,5,starless,1,0,0
115,182825.9-015316,0.05,0.056,0.94,0.47,11.5,4.5,9.8e+21,3.6e+21,4.5e+21,43000,14000,20000,1,prestellar,1,0,0
116,182827.5-015332,0.035,0.043,0.91,0.33,9.3,0.8,8.1e+21,5.8e+21,8.7e+21,42000,29000,54000,0.8,prestellar,0,0,0
117,182828.5-015514,0.041,0.05,0.32,0.16,11.5,4.5,6.7e+21,1.5e+21,2.3e+21,32000,7000,12000,2.5,prestellar,1,1,0
118,182829.0-034241,0.03,0.039,0.17,0.08,11.5,4.5,2.2e+21,1.3e+21,2.2e+21,12000,8000,17000,3.5,prestellar,1,1,0
119,182830.7-034348,0.015,0.026,0.06,0.03,11.5,4.5,8e+20,1e+21,3.2e+21,5000,9000,47000,4.9,starless,1,0,0
120,182830.9-034733,0.087,0.091,5.81,1.6,8.6,0.5,1.98e+22,8.4e+21,9e+21,61000,20000,23000,0.3,prestellar,0,0,0
121,182831.7-034158,0.038,0.044,1.03,0.44,8.1,0.7,9.4e+21,6.2e+21,8.5e+21,48000,31000,49000,0.7,prestellar,0,0,0
122,182831.8-013957,0.013,0.025,0.13,0.06,11.5,4.5,1.7e+21,2.4e+21,8.4e+21,11000,21000,138000,2.1,prestellar,1,1,0
123,182832.0-015356,0.062,0.067,10.15,1.54,8.4,0.3,3.11e+22,2.73e+22,3.1e+22,122000,90000,109000,0.1,prestellar,0,0,0
124,182832.2-013353,0.036,0.043,0.18,0.09,11.4,1.4,4.4e+21,1.2e+21,1.7e+21,23000,6000,10000,3.8,prestellar,0,1,0
125,182838.4-013424,0.018,0.029,0.08,0.04,11.5,4.5,1.1e+21,1.1e+21,2.9e+21,7000,8000,35000,4.5,prestellar,1,1,0
126,182839.9-015234,0.042,0.049,0.13,0.07,11.5,4.5,1.7e+21,6e+20,9e+20,8000,3000,5000,6.3,starless,1,0,0
127,182841.2-013636,0.026,0.038,0.16,0.08,11.5,4.5,2.6e+21,1.3e+21,2.8e+21,14000,7000,24000,3.2,prestellar,1,1,0
128,182844.0-012954,0.037,0.044,1.84,0.6,7.5,0.5,2e+22,1.13e+22,1.6e+22,103000,56000,95000,0.4,prestellar,0,0,0
129,182844.3-012829,0.058,0.062,2.12,0.45,10.1,0.5,2.05e+22,6.5e+21,7.5e+21,84000,23000,29000,0.5,prestellar,0,0,0
130,182845.8-014114,0.023,0.033,0.08,0.04,11.5,4.5,1.1e+21,9e+20,1.7e+21,6000,6000,16000,5.8,starless,1,0,0
131,182846.7-013749,0.02,0.031,0.4,0.11,11.5,0.5,1.19e+22,4.8e+21,1.15e+22,71000,34000,123000,1,prestellar,0,0,0
132,182847.2-012738,0.07,0.074,5,1.05,8.9,0.4,1.91e+22,1.1e+22,1.22e+22,69000,33000,38000,0.3,prestellar,0,0,0
133,182847.7-014205,0.044,0.051,0.17,0.12,14.2,2.9,2.9e+21,8e+20,1e+21,14000,3000,5000,5.1,starless,0,0,0
134,182847.9-034632,0.041,0.048,0.34,0.2,10.6,1.4,3.5e+21,1.8e+21,2.4e+21,17000,8000,13000,2.4,prestellar,0,1,0
135,182848.0-013811,0.014,0.026,0.22,0.04,14.7,0.9,6.8e+21,3.8e+21,1.32e+22,43000,32000,208000,1.3,protostellar,0,0,0
136,182849.7-014806,0.06,0.065,0.94,0.28,11.6,1,9.9e+21,2.7e+21,3.1e+21,40000,9000,11000,1.3,prestellar,0,0,0
137,182851.9-004827,0.086,0.09,0.39,0.07,13.3,0.6,1.6e+21,6e+20,6e+20,5000,1000,2000,4.4,starless,0,0,0
138,182853.9-020249,0.019,0.03,0.07,0.02,16.5,1.6,1.4e+21,1e+21,2.5e+21,9000,7000,30000,5,starless,0,0,0
139,182856.6-020333,0.072,0.075,0.41,0.15,15.9,1.6,2.1e+21,9e+20,9e+20,8000,2000,3000,3.5,starless,0,0,0
140,182857.1-011953,0.034,0.042,0.3,0.19,10.5,1.5,5.4e+21,2e+21,3e+21,28000,10000,19000,2.2,prestellar,0,1,0
141,182857.2-014323,0.03,0.041,1.42,0.64,8.5,0.7,1.89e+22,1e+22,1.86e+22,101000,54000,136000,0.4,prestellar,0,0,0
142,182857.9-014207,0.029,0.037,0.63,0.3,10.4,0.8,1.34e+22,5.4e+21,9.2e+21,75000,32000,70000,0.9,prestellar,0,0,0
143,182858.3-014820,0.032,0.04,0.11,0.06,11.5,4.5,1.5e+21,8e+20,1.3e+21,8000,5000,9000,5.7,starless,1,0,0
144,182859.1-025746,0.086,0.089,0.93,0.38,13.4,1.5,3e+21,1.4e+21,1.5e+21,9000,3000,4000,1.8,prestellar,0,0,0
145,182859.4-020430,0.019,0.031,0.13,0.07,12.2,1.3,2.3e+21,1.6e+21,4.3e+21,14000,11000,49000,2.8,prestellar,0,1,0
146,182859.4-014437,0.033,0.043,0.39,0.17,11,1.1,8.5e+21,2.5e+21,4.2e+21,44000,13000,28000,1.7,prestellar,0,0,0
147,182900.0-014242,0.014,0.026,0.39,0.98,10.4,1.1,1.12e+22,7.1e+21,2.33e+22,72000,60000,360000,0.7,protostellar,0,0,0
148,182901.5-020746,0.016,0.028,0.08,0.05,13.8,2.1,1.8e+21,1.3e+21,3.7e+21,12000,10000,50000,4,prestellar,0,1,0
149,182902.8-014744,0.029,0.04,0.19,0.09,11.8,1.4,4e+21,1.4e+21,2.7e+21,22000,8000,20000,3,prestellar,0,1,0
150,182903.0-020400,0.021,0.031,0.03,0.02,17.1,2.5,5e+20,4e+20,8e+20,3000,2000,9000,14.3,starless,0,0,0
151,182903.6-013903,0.014,0.026,1.07,0.09,13.3,0.3,2.45e+22,1.94e+22,6.55e+22,158000,167000,1.032e+06,0.3,protostellar,0,0,0
152,182903.7-013303,0.033,0.04,0.31,0.26,9.8,1.7,4.3e+21,2.2e+21,3.3e+21,23000,12000,22000,2.1,prestellar,0,1,0
153,182903.8-014244,0.036,0.042,1.07,0.25,10.3,0.5,1.62e+22,7e+21,1e+22,85000,36000,61000,0.7,prestellar,0,0,0
154,182905.1-021453,0.036,0.045,0.16,0.08,11.5,4.5,1.7e+21,9e+20,1.4e+21,9000,5000,9000,4.5,starless,1,0,0
155,182905.5-014153,0.015,0.028,1.2,0.32,15.6,2.6,2.55e+22,1.87e+22,6.41e+22,160000,149000,944000,0.2,protostellar,0,0,0
156,182906.0-013626,0.085,0.088,0.56,0.28,11.5,4.5,2.7e+21,9e+20,9e+20,9000,2000,2000,3,starless,1,0,0
157,182906.1-034251,0.025,0.035,1.21,0.61,11.5,4.5,2.08e+22,1.15e+22,2.28e+22,119000,71000,199000,0.4,protostellar,1,0,0
158,182906.5-020557,0.011,0.024,1.18,0.47,9.4,0.8,1.99e+22,2.46e+22,1.065e+23,131000,226000,2.036e+06,0.2,prestellar,0,0,0
159,182906.8-014726,0.041,0.049,0.63,0.23,10.3,0.9,8.9e+21,3.1e+21,4.5e+21,43000,14000,24000,1.3,prestellar,0,0,0
160,182907.3-034324,0.013,0.026,1.79,0.13,11.6,0.2,3.43e+22,3.25e+22,1.208e+23,221000,279000,1.996e+06,0.1,protostellar,0,0,0
161,182907.6-014613,0.019,0.03,0.05,0.02,11.5,4.5,8e+20,6e+20,1.6e+21,5000,5000,18000,7.8,starless,1,0,0
162,182908.3-020528,0.055,0.06,3.1,0.33,13.1,0.4,3.03e+22,1.01e+22,1.2e+22,127000,37000,48000,0.4,prestellar,0,0,0
163,182908.3-013046,0.014,0.026,2.28,0.36,13.7,1,3.94e+22,4.02e+22,1.414e+23,253000,340000,2.241e+06,0.1,protostellar,0,0,0
164,182908.9-015122,0.042,0.049,0.23,0.12,11.5,4.5,2.3e+21,1.2e+21,1.6e+21,11000,5000,8000,3.5,prestellar,1,1,0
165,182909.1-015401,0.029,0.041,0.16,0.08,11.5,4.5,2e+21,1.2e+21,2.3e+21,11000,6000,17000,3.5,prestellar,1,1,0
166,182909.9-030521,0.063,0.068,0.48,0.3,12.8,2.1,3.2e+21,1.2e+21,1.4e+21,12000,4000,5000,2.6,prestellar,0,1,0
167,182910.0-013445,0.051,0.056,0.37,0.18,11.5,4.5,3.1e+21,1.4e+21,1.7e+21,14000,6000,7000,2.7,prestellar,1,1,0
168,182911.3-014441,0.05,0.056,0.33,0.17,11.5,4.5,3.1e+21,1.2e+21,1.5e+21,14000,5000,7000,3,prestellar,1,1,0
169,182911.4-013103,0.03,0.038,0.42,0.21,11.5,4.5,4.9e+21,3.5e+21,5.6e+21,27000,20000,40000,1.4,prestellar,1,0,0
170,182911.5-034316,0.027,0.038,0.97,0.33,8.9,0.7,2.08e+22,8e+21,1.52e+22,115000,46000,122000,0.6,prestellar,0,0,0
171,182912.6-014618,0.031,0.039,1.32,0.21,10,0.4,2.84e+22,1.03e+22,1.59e+22,155000,58000,111000,0.5,protostellar,0,0,0
172,182912.7-014321,0.025,0.035,0.05,0.06,13.8,3.4,1.8e+21,4e+20,9e+20,10000,3000,7000,10.6,starless,0,0,0
173,182913.0-030516,0.02,0.032,0.04,0.02,13.2,1.5,5e+20,4e+20,1.1e+21,3000,3000,12000,10.8,starless,0,0,0
174,182913.1-020351,0.018,0.03,0.34,0.07,18.5,4.4,4.5e+21,4.4e+21,1.26e+22,27000,32000,155000,1,protostellar,0,0,0
175,182913.8-015334,0.014,0.026,0.06,0.03,11.5,4.5,9e+20,1e+21,3.4e+21,6000,8000,53000,5,starless,1,0,0
176,182913.9-011742,0.043,0.051,0.81,0.3,9.5,0.7,8.5e+21,3.7e+21,5.3e+21,40000,16000,27000,1,prestellar,0,0,0
177,182914.8-014950,0.041,0.048,0.66,0.17,10.4,0.6,5.5e+21,3.3e+21,4.7e+21,27000,15000,25000,1.2,prestellar,0,0,0
178,182915.1-034305,0.021,0.032,0.09,0.04,11.5,4.5,1.2e+21,1e+21,2.5e+21,7000,7000,26000,4.6,starless,1,0,0
179,182915.1-011147,0.081,0.084,0.45,0.27,13.8,2.4,2.5e+21,8e+20,8e+20,8000,2000,2000,3.5,starless,0,0,0
180,182916.6-015040,0.034,0.041,0.45,0.12,10.3,0.7,1.09e+22,3.1e+21,4.7e+21,58000,16000,31000,1.5,prestellar,0,0,0
181,182916.8-013020,0.019,0.03,0.09,0.04,11.5,4.5,1.4e+21,1.1e+21,2.8e+21,8000,8000,32000,4.3,prestellar,1,1,0
182,182917.3-020338,0.019,0.03,0.55,0.16,10.6,0.7,1.04e+22,7.2e+21,1.77e+22,64000,53000,202000,0.7,prestellar,0,0,0
183,182918.0-011527,0.057,0.062,0.4,0.17,12.5,1.5,3.3e+21,1.3e+21,1.5e+21,14000,4000,6000,2.8,prestellar,0,1,0
184,182918.7-033846,0.045,0.052,0.21,0.11,11.5,4.5,1.9e+21,9e+20,1.2e+21,9000,4000,6000,4.2,starless,1,0,0
185,182918.7-034503,0.033,0.041,2.16,0.58,8,0.5,3.28e+22,1.56e+22,2.34e+22,176000,84000,155000,0.3,prestellar,0,0,0
186,182918.7-013303,0.021,0.032,0.07,0.04,11.5,4.5,1.2e+21,9e+20,2e+21,7000,6000,22000,5.5,starless,1,0,0
187,182919.0-022253,0.048,0.053,0.09,0.05,14.5,4.5,1.6e+21,4e+20,5e+20,7000,2000,2000,10.1,starless,1,0,0
188,182919.2-034254,0.021,0.034,0.17,0.11,11,1.6,3.3e+21,1.7e+21,4.4e+21,19000,11000,46000,2.5,prestellar,0,1,0
189,182919.4-015303,0.083,0.087,3.15,0.83,9,0.5,1.12e+22,5e+21,5.4e+21,36000,13000,14000,0.5,prestellar,0,0,0
190,182919.8-020127,0.022,0.034,0.09,0.08,13.1,3,1.4e+21,9e+20,2.1e+21,8000,6000,20000,5,starless,0,0,0
191,182920.0-015343,0.045,0.052,0.42,0.2,11,1.1,4.8e+21,1.8e+21,2.5e+21,22000,8000,12000,2.1,prestellar,0,1,0
192,182920.1-013618,0.032,0.04,1.65,0.34,8.7,0.4,2.4e+22,1.23e+22,1.88e+22,129000,67000,128000,0.4,prestellar,0,0,0
193,182920.4-025526,0.051,0.056,0.21,0.11,11.5,4.5,1.8e+21,8e+20,1e+21,8000,3000,4000,4.7,starless,1,0,0
194,182920.7-013644,0.02,0.03,0.53,0.15,10,0.6,1.59e+22,6.9e+21,1.64e+22,97000,50000,183000,0.7,prestellar,0,0,0
195,182921.0-015754,0.054,0.059,1.22,0.32,10.6,0.7,1.85e+22,4.2e+21,4.9e+21,79000,16000,20000,0.9,prestellar,0,0,0
196,182921.1-013712,0.017,0.029,0.32,0.06,11.3,0.5,6.9e+21,4.4e+21,1.24e+22,43000,33000,156000,1.1,protostellar,0,0,0
197,182921.1-020048,0.056,0.061,0.53,0.19,11.8,0.8,3.2e+21,1.7e+21,2e+21,13000,6000,8000,2.1,prestellar,0,1,0
198,182921.2-013437,0.032,0.045,0.48,0.24,11.5,4.5,4.8e+21,2.8e+21,5.5e+21,24000,14000,37000,1.3,prestellar,1,0,0
199,182922.0-042510,0.026,0.035,0.17,0.71,12.1,1.5,6.3e+21,1.7e+21,3e+21,37000,11000,26000,3,prestellar,0,1,0
200,182922.2-015558,0.023,0.033,0.3,0.11,10.7,0.8,8.1e+21,3.3e+21,6.8e+21,48000,22000,65000,1.5,prestellar,0,0,0
201,182922.5-030248,0.029,0.039,0.72,0.34,8.9,1,9.5e+21,5.5e+21,1.03e+22,51000,30000,79000,0.8,prestellar,0,0,0
202,182923.6-013854,0.014,0.026,0.71,0.11,11.9,0.8,1.19e+22,1.27e+22,4.17e+22,77000,108000,645000,0.4,protostellar,0,0,0
203,182923.7-011708,0.04,0.046,0.13,0.07,11.5,4.5,1.6e+21,7e+20,1e+21,8000,3000,5000,6.1,starless,1,0,0
204,182923.9-013956,0.052,0.057,0.37,0.18,11.5,4.5,3.6e+21,1.4e+21,1.6e+21,16000,5000,7000,2.8,prestellar,1,1,0
205,182924.1-043934,0.035,0.042,0.53,0.23,9.6,0.9,7.2e+21,3.6e+21,5.3e+21,38000,19000,33000,1.3,prestellar,0,0,0
206,182924.4-042554,0.023,0.033,0.06,0.03,11.5,4.5,8e+20,7e+20,1.5e+21,5000,5000,14000,7,starless,1,0,0
207,182924.6-015818,0.032,0.04,0.85,0.25,10.2,0.7,1.28e+22,6.2e+21,9.9e+21,69000,34000,68000,0.7,prestellar,0,0,0
208,182925.4-014605,0.046,0.052,0.24,0.12,11.5,4.5,2.7e+21,1e+21,1.4e+21,13000,4000,6000,3.8,starless,1,0,0
209,182925.5-014731,0.024,0.034,0.11,0.02,14.2,0.6,3.1e+21,1.1e+21,2.2e+21,18000,7000,19000,4.4,protostellar,0,0,0
210,182925.9-030924,0.03,0.04,0.11,0.04,14.3,1,1.4e+21,8e+20,1.5e+21,8000,5000,11000,5.2,starless,0,0,0
211,182926.4-034452,0.032,0.039,1.36,0.32,9.5,0.5,2.06e+22,1.04e+22,1.61e+22,112000,58000,111000,0.5,prestellar,0,0,0
212,182926.4-014940,0.022,0.034,0.8,0.35,8.7,0.8,2.08e+22,8.2e+21,1.91e+22,121000,53000,189000,0.6,prestellar,0,0,0
213,182926.7-034343,0.023,0.036,1.09,0.51,8.1,0.8,1.72e+22,9.7e+21,2.39e+22,97000,59000,226000,0.4,prestellar,0,0,0
214,182926.9-014641,0.011,0.023,0.04,0.04,13.2,3.3,1.4e+21,8e+20,3.3e+21,9000,8000,63000,6.2,starless,0,0,0
215,182927.9-015237,0.023,0.035,0.07,0.04,11.5,4.5,1.1e+21,7e+20,1.6e+21,6000,5000,15000,6.3,starless,1,0,0
216,182928.1-014413,0.018,0.03,0.09,0.05,11.5,4.5,1.2e+21,1.2e+21,3.4e+21,7000,8000,41000,3.9,prestellar,1,1,0
217,182928.3-024920,0.11,0.11,1.39,0.42,12.5,1.1,4.8e+21,1.4e+21,1.5e+21,13000,3000,3000,1.5,prestellar,0,0,0
218,182929.2-014501,0.041,0.047,0.14,0.07,11.5,4.5,2.5e+21,7e+20,1e+21,12000,3000,5000,5.9,starless,1,0,0
219,182929.9-034239,0.029,0.038,0.53,0.35,8.5,1.1,7.4e+21,4.5e+21,7.7e+21,41000,26000,59000,1.1,prestellar,0,0,0
220,182930.3-014929,0.035,0.042,0.2,0.1,11.5,4.5,3.6e+21,1.4e+21,2e+21,19000,7000,12000,3.4,prestellar,1,1,0
221,182931.0-014006,0.029,0.037,1.02,0.28,8.8,0.5,1.85e+22,8.8e+21,1.47e+22,103000,52000,112000,0.6,prestellar,0,0,0
222,182931.1-014401,0.032,0.044,0.43,0.19,10.1,1,7.2e+21,2.7e+21,4.9e+21,37000,13000,33000,1.5,prestellar,0,0,0
223,182931.4-014834,0.058,0.064,1.26,0.46,10.6,1,1.76e+22,3.6e+21,4.5e+21,71000,12000,17000,0.9,prestellar,0,0,0
224,182933.6-025547,0.064,0.068,0.46,0.15,13.2,1.2,4.1e+21,1.2e+21,1.3e+21,16000,4000,5000,2.7,prestellar,0,1,0
225,182933.8-015055,0.023,0.035,1.13,0.52,8.4,0.8,7.7e+21,1.13e+22,2.48e+22,45000,71000,233000,0.4,prestellar,0,0,0
226,182934.3-014240,0.054,0.059,0.28,0.14,11.5,4.5,2.6e+21,9e+20,1.1e+21,11000,3000,4000,3.9,starless,1,0,0
227,182934.3-014328,0.026,0.035,0.16,0.08,11.5,4.5,2.3e+21,1.5e+21,2.7e+21,13000,9000,23000,3.3,prestellar,1,1,0
228,182934.4-014545,0.051,0.056,0.52,0.26,11.5,4.5,4.8e+21,2e+21,2.4e+21,21000,8000,10000,1.9,prestellar,1,0,0
229,182934.4-021435,0.021,0.032,0.03,0.01,11.5,4.5,7e+20,3e+20,7e+20,4000,2000,8000,15.1,starless,1,0,0
230,182935.5-023320,0.05,0.055,0.16,0.1,16.3,3.6,1.5e+21,6e+20,8e+20,7000,3000,3000,6.1,starless,0,0,0
231,182935.7-015638,0.015,0.027,0.09,0.04,11.5,4.5,1.2e+21,1.4e+21,4.3e+21,8000,11000,61000,3.6,prestellar,1,1,0
232,182935.8-034416,0.036,0.043,0.16,0.1,12.4,2,2.6e+21,1e+21,1.5e+21,13000,5000,9000,4.3,starless,0,0,0
233,182936.2-034519,0.062,0.067,0.26,0.11,13,1.5,2.9e+21,7e+20,8e+20,11000,2000,3000,4.7,starless,0,0,0
234,182936.3-012542,0.031,0.04,0.28,0.2,10.3,2,4.4e+21,2.1e+21,3.4e+21,24000,11000,24000,2.2,prestellar,0,1,0
235,182936.5-014634,0.011,0.023,0.06,0.03,11.5,4.5,2.5e+21,1.3e+21,5.2e+21,17000,12000,99000,3.9,prestellar,1,1,0
236,182937.2-015559,0.02,0.031,0.05,0.02,11.5,4.5,9e+20,6e+20,1.5e+21,5000,4000,17000,7.9,starless,1,0,0
237,182937.4-014856,0.022,0.034,0.32,0.21,10.1,1.5,9.2e+21,3.2e+21,8e+21,53000,21000,81000,1.3,prestellar,0,0,0
238,182937.4-021345,0.02,0.03,0.07,0.03,11.5,4.5,8.1e+21,9e+20,2.2e+21,49000,6000,24000,5.5,starless,1,0,0
239,182938.0-015058,0.017,0.029,3.2,0.58,12.8,1.6,4.56e+22,4.51e+22,1.283e+23,282000,341000,1.634e+06,0.1,prestellar,0,0,0
240,182939.2-014602,0.079,0.082,1.36,0.68,11.5,4.5,5.2e+21,2.4e+21,2.6e+21,17000,6000,7000,1.1,prestellar,1,0,0
241,182941.1-020147,0.031,0.039,0.32,0.15,10.4,1.3,8.2e+21,2.4e+21,3.9e+21,44000,13000,28000,1.9,prestellar,0,0,0
242,182941.1-021339,0.018,0.029,0.4,0.71,9.1,0.8,6.2e+21,5.5e+21,1.4e+22,39000,41000,166000,0.9,prestellar,0,0,0
243,182941.2-015327,0.029,0.043,1.36,0.61,8.5,0.9,6.1e+21,8.7e+21,1.91e+22,32000,45000,144000,0.4,prestellar,0,0,0
244,182941.3-031405,0.023,0.035,0.13,0.06,11.5,4.5,1.5e+21,1.2e+21,2.7e+21,9000,8000,25000,3.7,prestellar,1,1,0
245,182941.4-013413,0.056,0.061,1.31,0.52,10.4,1,9.5e+21,4.1e+21,5e+21,39000,15000,19000,0.8,prestellar,0,0,0
246,182942.0-013321,0.028,0.037,0.53,0.17,10.1,0.7,1.04e+22,4.7e+21,7.9e+21,59000,28000,61000,1,prestellar,0,0,0
247,182942.1-015007,0.028,0.038,7.55,1.31,8,0.3,1.215e+23,6.13e+22,1.118e+23,670000,351000,865000,0.1,prestellar,0,0,0
248,182942.2-031954,0.029,0.039,0.09,0.05,11.5,4.5,1e+21,7e+20,1.3e+21,6000,4000,9000,6.4,starless,1,0,0
249,182943.0-020039,0.018,0.029,0.02,0.01,16,2.6,6e+20,2e+20,6e+20,3000,2000,8000,21.2,starless,0,0,0
250,182943.4-015649,0.015,0.026,0.17,0.02,14.6,0.5,5.2e+21,2.8e+21,9.1e+21,33000,24000,135000,1.8,protostellar,0,0,0
251,182943.8-021256,0.017,0.029,0.85,0.43,11.5,4.5,2.04e+22,1.18e+22,3.61e+22,126000,88000,473000,0.4,protostellar,1,0,0
252,182944.0-015713,0.02,0.031,0.32,0.08,11.2,0.6,6.4e+21,4e+21,9.7e+21,38000,28000,108000,1.2,prestellar,0,0,0
253,182944.1-024254,0.029,0.037,0.36,0.16,9.4,0.9,5.3e+21,3.1e+21,5.1e+21,30000,18000,39000,1.6,prestellar,0,0,0
254,182944.9-015457,0.018,0.029,0.1,0.05,11.5,4.5,3.4e+21,1.4e+21,3.8e+21,21000,10000,47000,3.6,prestellar,1,1,0
255,182945.5-013523,0.019,0.03,0.3,0.15,11.5,4.5,3.2e+21,4e+21,9.5e+21,20000,29000,107000,1.3,prestellar,1,0,0
256,182946.1-015248,0.037,0.044,1.13,0.61,7.6,0.8,1.47e+22,6.8e+21,9.6e+21,75000,33000,57000,0.7,prestellar,0,0,0
257,182946.7-020135,0.041,0.049,0.29,0.15,11.5,4.5,3.1e+21,1.5e+21,2.1e+21,15000,7000,11000,2.8,prestellar,1,1,0
258,182946.7-021219,0.022,0.035,0.35,0.21,10.3,1.6,9.6e+21,3.4e+21,8.1e+21,56000,22000,79000,1.3,prestellar,0,0,0
259,182946.8-020653,0.035,0.042,1.59,0.19,11.9,0.3,1.82e+22,1.08e+22,1.55e+22,96000,57000,98000,0.4,prestellar,0,0,0
260,182947.0-031303,0.03,0.04,0.14,0.07,11.5,4.5,3e+21,1e+21,1.9e+21,16000,6000,14000,4.2,starless,1,0,0
261,182947.4-015324,0.032,0.044,2.38,1.13,7.8,0.7,6.3e+21,1.47e+22,2.78e+22,32000,74000,191000,0.3,prestellar,0,0,0
262,182947.4-013447,0.015,0.026,0.1,0.05,11.5,4.5,1.4e+21,1.8e+21,5.5e+21,9000,15000,81000,2.9,prestellar,1,1,0
263,182948.3-013555,0.024,0.035,0.38,0.19,11.5,4.5,5e+21,3.7e+21,8e+21,29000,23000,74000,1.2,prestellar,1,0,0
264,182948.8-014735,0.055,0.059,2.53,0.55,10.3,0.6,2.95e+22,8.5e+21,1.01e+22,126000,31000,40000,0.4,prestellar,0,0,0
265,182949.2-015819,0.021,0.032,0.18,0.09,11.5,4.5,7.8e+21,2.1e+21,4.8e+21,47000,15000,50000,2.3,prestellar,1,1,0
266,182949.6-015453,0.031,0.041,0.73,0.37,11.5,4.5,6.1e+21,5.2e+21,9e+21,32000,27000,63000,0.8,prestellar,1,0,0
267,182949.9-013647,0.036,0.043,0.65,0.32,11.5,4.5,6.7e+21,4.1e+21,5.9e+21,35000,21000,35000,1.1,prestellar,1,0,0
268,182950.5-021239,0.015,0.027,0.06,0.03,11.5,4.5,1.1e+21,1e+21,3.1e+21,7000,8000,44000,5,starless,1,0,0
269,182950.7-014313,0.044,0.051,1.01,0.51,11.5,4.5,6.4e+21,4.5e+21,6.1e+21,30000,19000,30000,0.9,prestellar,1,0,0
270,182952.1-015613,0.019,0.031,0.64,0.46,8.8,1.3,1.23e+22,8.1e+21,2.14e+22,74000,59000,250000,0.6,prestellar,0,0,0
271,182953.0-015804,0.022,0.033,0.58,1.65,10.9,1.2,2.33e+22,6.2e+21,1.42e+22,137000,41000,141000,0.8,protostellar,0,0,0
272,182953.2-020626,0.032,0.04,0.44,0.37,9.7,1.6,9.1e+21,3.2e+21,5.1e+21,49000,18000,34000,1.4,prestellar,0,0,0
273,182953.7-020653,0.016,0.029,0.26,0.21,9.6,1.3,8.5e+21,3.7e+21,1.14e+22,53000,28000,151000,1.2,prestellar,0,0,0
274,182953.8-013706,0.02,0.031,0.09,0.04,11.5,4.5,3e+21,1.1e+21,2.5e+21,18000,7000,27000,4.6,starless,1,0,0
275,182954.1-020727,0.018,0.029,0.12,0.06,11.5,4.5,7.6e+21,1.7e+21,4.3e+21,47000,13000,52000,3,prestellar,1,1,0
276,182954.1-014734,0.052,0.058,0.73,0.36,11.5,4.5,6.2e+21,2.6e+21,3.2e+21,27000,10000,13000,1.4,prestellar,1,0,0
277,182954.3-024902,0.029,0.041,0.16,0.1,11.1,1.7,3.6e+21,1.1e+21,2.3e+21,19000,6000,17000,3.6,prestellar,0,1,0
278,182955.6-020025,0.012,0.025,0.17,0.09,11.5,4.5,3e+21,3.4e+21,1.36e+22,19000,30000,242000,1.4,prestellar,1,0,0
279,182956.8-015345,0.017,0.028,0.06,0.03,11.5,4.5,8.3e+21,8e+20,2.2e+21,52000,7000,29000,6.1,starless,1,0,0
280,182957.5-015843,0.054,0.059,19.7,2.52,8.2,0.2,1.503e+23,6.8e+22,8.05e+22,645000,254000,328000,0.1,prestellar,0,0,0
281,182957.7-015758,0.016,0.029,5.16,0.92,8.3,0.3,3.03e+22,7.54e+22,2.356e+23,188000,579000,3.202e+06,0.1,prestellar,0,0,0
282,182958.0-021101,0.025,0.038,0.18,0.06,14.3,1,9e+21,1.5e+21,3.5e+21,50000,8000,30000,2.7,prestellar,0,1,0
283,182958.2-020115,0.023,0.033,1.63,0.35,11.2,0.5,3.21e+22,1.78e+22,3.58e+22,189000,118000,337000,0.3,prestellar,0,0,0
284,182958.6-020822,0.046,0.051,6.27,2.23,7.6,0.5,3.27e+22,2.81e+22,3.58e+22,153000,120000,172000,0.1,prestellar,0,0,0
285,182959.6-020058,0.013,0.026,0.73,4.54,11.5,1.6,2.78e+22,1.25e+22,4.82e+22,178000,105000,791000,0.4,protostellar,0,0,0
286,183000.4-013703,0.026,0.039,1.04,0.7,8.3,1,5e+21,8.2e+21,1.9e+22,27000,46000,162000,0.5,prestellar,0,0,0
287,183000.5-014559,0.04,0.048,0.31,0.15,11.5,4.5,3e+21,1.6e+21,2.3e+21,15000,7000,13000,2.6,prestellar,1,1,0
288,183000.7-015958,0.019,0.029,0.29,0.15,11.5,4.5,1.61e+22,4e+21,1.01e+22,99000,30000,120000,1.3,prestellar,1,0,0
289,183000.8-020657,0.018,0.03,1.01,0.16,10.2,0.3,2.33e+22,1.31e+22,3.6e+22,142000,95000,433000,0.4,protostellar,0,0,0
290,183001.2-020609,0.019,0.03,0.32,0.07,17.6,1.8,7.7e+21,4.1e+21,1.08e+22,47000,30000,126000,1.2,protostellar,0,0,0
291,183001.5-020530,0.018,0.029,0.27,0.13,11.5,4.5,2.01e+22,3.9e+21,1.03e+22,125000,30000,127000,1.3,prestellar,1,0,0
292,183001.5-021025,0.013,0.025,1.08,0.3,16.5,3.5,2.26e+22,2.02e+22,7.27e+22,147000,176000,1.202e+06,0.2,protostellar,0,0,0
293,183002.1-020815,0.02,0.031,3.33,1.13,7.6,0.4,5.7e+22,4.16e+22,9.77e+22,345000,295000,1.063e+06,0.1,prestellar,0,0,0
294,183002.7-020103,0.023,0.033,4.94,1.09,10.3,0.9,8.28e+22,5.29e+22,1.157e+23,486000,348000,1.126e+06,0.1,prestellar,0,0,0
295,183003.3-024830,0.073,0.077,4.75,1.77,8.4,0.8,2.49e+22,9.5e+21,1.05e+22,88000,27000,32000,0.3,prestellar,0,0,0
296,183003.4-014856,0.026,0.035,1.11,0.38,8.1,0.5,2.07e+22,1.09e+22,2.01e+22,119000,69000,172000,0.5,prestellar,0,0,0
297,183003.6-013629,0.019,0.031,0.8,0.17,10.7,0.5,1.7e+22,9.8e+21,2.7e+22,102000,69000,316000,0.5,protostellar,0,0,0
298,183003.8-021130,0.02,0.032,0.22,0.11,11.5,4.5,7.3e+21,2.6e+21,6.7e+21,44000,17000,73000,1.8,prestellar,1,0,0
299,183004.1-020305,0.016,0.027,7.98,1.51,15.5,1.2,1.704e+23,1.292e+23,3.926e+23,1.079e+06,1.045e+06,5.539e+06,0,protostellar,0,0,0
300,183004.3-015946,0.02,0.031,0.32,0.12,11.2,0.9,1.17e+22,4e+21,9.5e+21,71000,28000,104000,1.2,prestellar,0,0,0
301,183004.6-042607,0.034,0.043,0.26,0.13,11.5,4.5,3e+21,1.7e+21,2.6e+21,15000,9000,17000,2.6,prestellar,1,1,0
302,183004.8-014948,0.029,0.037,2.01,0.57,7.6,0.4,7e+21,1.74e+22,2.88e+22,39000,103000,219000,0.3,prestellar,0,0,0
303,183005.4-014833,0.033,0.04,1.01,0.28,9.2,0.6,2.46e+22,7.4e+21,1.1e+22,132000,40000,73000,0.6,prestellar,0,0,0
304,183005.5-015029,0.034,0.042,0.6,0.3,11.5,4.5,7.5e+21,4e+21,6e+21,39000,21000,38000,1.1,prestellar,1,0,0
305,183006.6-020512,0.021,0.032,0.27,0.13,11.5,4.5,1.04e+22,3e+21,7e+21,62000,20000,72000,1.6,prestellar,1,0,0
306,183006.7-021848,0.024,0.036,0.06,0.02,14.3,1.2,1.2e+21,5e+20,1.1e+21,7000,3000,10000,8.7,starless,0,0,0
307,183006.8-013301,0.035,0.043,0.44,0.28,10.5,1.5,9.4e+21,2.9e+21,4.3e+21,49000,15000,27000,1.6,prestellar,0,0,0
308,183007.1-042726,0.036,0.044,0.18,0.09,11.5,4.5,2.2e+21,1.1e+21,1.6e+21,11000,5000,10000,4,starless,1,0,0
309,183007.2-021213,0.038,0.045,1.67,0.62,9.4,0.7,2.65e+22,9.7e+21,1.38e+22,134000,47000,79000,0.4,prestellar,0,0,0
310,183009.0-020407,0.011,0.024,0.02,0.02,15.1,2.3,1.5e+21,5e+20,2.2e+21,10000,5000,41000,9.5,starless,0,0,0
311,183010.7-015803,0.03,0.038,0.09,0.05,11.5,4.5,1.1e+21,8e+20,1.2e+21,6000,4000,9000,6.3,starless,1,0,0
312,183010.8-020558,0.019,0.031,0.54,0.27,11.5,4.5,1.58e+22,6.9e+21,1.73e+22,96000,50000,196000,0.7,prestellar,1,0,0
313,183011.5-020047,0.025,0.034,0.02,0.04,18.3,6.3,4.8e+21,2e+20,3e+20,27000,1000,3000,31.2,starless,0,0,0
314,183011.7-024533,0.026,0.036,0.06,0.02,14.5,1.5,1.4e+21,5e+20,1e+21,8000,3000,8000,9.2,starless,0,0,0
315,183012.4-020653,0.015,0.027,1.07,0.54,11.5,4.5,2.82e+22,1.75e+22,5.75e+22,179000,142000,846000,0.3,protostellar,1,0,0
316,183013.1-020325,0.021,0.033,0.14,0.07,11.5,4.5,9.6e+21,1.5e+21,3.6e+21,57000,10000,36000,3.1,prestellar,1,1,0
317,183013.6-043014,0.072,0.075,1.92,0.7,8.9,0.7,8.1e+21,4e+21,4.5e+21,29000,12000,14000,0.7,prestellar,0,0,0
318,183014.1-014953,0.019,0.03,0.06,0.03,13.2,1.1,1.4e+21,8e+20,2e+21,8000,6000,23000,6.1,starless,0,0,0
319,183014.3-015243,0.022,0.032,1.08,0.32,8.1,0.5,6.3e+21,1.26e+22,2.7e+22,38000,87000,272000,0.4,prestellar,0,0,0
320,183014.5-015938,0.034,0.043,0.54,0.31,9.5,1.3,9.3e+21,3.5e+21,5.6e+21,48000,18000,36000,1.2,prestellar,0,0,0
321,183014.9-013334,0.015,0.027,0.68,0.35,10.5,0.5,2.87e+22,1.11e+22,3.58e+22,182000,90000,522000,0.4,protostellar,0,0,0
322,183015.7-015031,0.02,0.031,0.24,0.05,12,0.5,5.8e+21,3.1e+21,7.3e+21,35000,22000,80000,1.6,prestellar,0,0,0
323,183016.2-020716,0.013,0.025,0.57,0.29,11.5,4.5,1.99e+22,1.08e+22,3.98e+22,129000,95000,667000,0.5,protostellar,1,0,0
324,183017.3-015713,0.043,0.049,0.22,0.11,11.5,4.5,2.7e+21,1.1e+21,1.4e+21,13000,5000,7000,3.8,starless,1,0,0
325,183017.6-015622,0.019,0.03,0.08,0.04,11.5,4.5,4e+21,1e+21,2.5e+21,24000,7000,29000,4.9,starless,1,0,0
326,183017.6-020959,0.016,0.028,0.74,0.1,11.9,0.3,1.77e+22,1.09e+22,3.54e+22,110000,84000,492000,0.4,protostellar,0,0,0
327,183017.8-020117,0.031,0.039,0.1,0.07,12,1.8,1.3e+21,8e+20,1.2e+21,7000,4000,8000,6.4,starless,0,0,0
328,183017.9-014639,0.032,0.039,1.62,0.38,8.5,0.4,3.07e+22,1.24e+22,1.89e+22,167000,69000,130000,0.4,prestellar,0,0,0
329,183018.1-020843,0.036,0.043,2.65,1.32,11.5,4.5,2.48e+22,1.67e+22,2.4e+22,128000,85000,145000,0.3,prestellar,1,0,0
330,183019.2-013031,0.043,0.05,0.92,0.25,9.8,0.6,1.33e+22,4.4e+21,5.9e+21,63000,19000,30000,0.9,prestellar,0,0,0
331,183019.6-015153,0.023,0.035,0.05,0.04,18.4,5,3.7e+21,5e+20,1.1e+21,21000,3000,11000,8.8,starless,0,0,0
332,183020.0-013826,0.041,0.048,1.27,0.44,9.1,0.7,1.75e+22,6.5e+21,9e+21,85000,29000,48000,0.6,prestellar,0,0,0
333,183020.6-020421,0.032,0.046,0.33,0.16,11.5,4.5,6.2e+21,1.9e+21,3.8e+21,31000,9000,26000,1.9,prestellar,1,0,0
334,183021.7-014859,0.065,0.069,0.54,0.3,13.2,2,5e+21,1.3e+21,1.5e+21,19000,4000,5000,2.4,prestellar,0,1,0
335,183023.5-020610,0.026,0.035,0.05,0.02,14.1,1.3,8e+20,5e+20,9e+20,5000,3000,8000,9.9,starless,0,0,0
336,183024.3-015248,0.028,0.037,0.55,0.13,11,0.6,1.07e+22,4.9e+21,8.5e+21,60000,29000,67000,1,prestellar,0,0,0
337,183025.4-020115,0.018,0.03,0.18,0.09,11.5,4.5,2.8e+21,2.4e+21,6.4e+21,17000,18000,77000,2,prestellar,1,0,0
338,183025.5-015839,0.025,0.036,0.05,0.04,15.3,3.6,3.3e+21,5e+20,9e+20,19000,3000,8000,10.1,starless,0,0,0
339,183025.5-020427,0.028,0.038,0.68,0.28,9.3,0.8,1.46e+22,5.7e+21,1.04e+22,81000,33000,82000,0.8,prestellar,0,0,0
340,183025.5-015420,0.026,0.035,1.78,0.17,10.5,0.2,2.91e+22,1.77e+22,3.2e+22,168000,112000,273000,0.3,prestellar,0,0,0
341,183025.9-020709,0.023,0.033,0.19,0.14,9.8,1.8,7.2e+21,2.1e+21,4e+21,43000,14000,38000,2.5,prestellar,0,1,0
342,183026.0-021041,0.011,0.023,0.81,0.1,13.7,0.5,1.7e+22,1.82e+22,7.3e+22,113000,174000,1.395e+06,0.3,protostellar,0,0,0
343,183026.5-020015,0.046,0.052,1.8,0.64,9.5,0.8,2.23e+22,8.1e+21,1.01e+22,104000,34000,48000,0.5,prestellar,0,0,0
344,183026.8-021427,0.031,0.039,0.04,0.02,17.3,2.1,9e+20,3e+20,5e+20,5000,2000,3000,16.1,starless,0,0,0
345,183027.5-020336,0.02,0.031,0.19,0.12,10.7,1.7,4.7e+21,2.3e+21,5.6e+21,29000,16000,60000,2.1,prestellar,0,1,0
346,183027.9-042954,0.035,0.045,0.19,0.09,11.5,4.5,2e+21,1.1e+21,1.8e+21,10000,6000,11000,3.7,prestellar,1,1,0
347,183027.9-021059,0.017,0.029,0.55,0.27,14.5,4.5,1.36e+22,7.8e+21,2.16e+22,84000,60000,274000,0.6,protostellar,1,0,0
348,183028.0-014541,0.031,0.04,0.36,0.21,9.9,1.4,7.5e+21,2.7e+21,4.4e+21,41000,15000,31000,1.7,prestellar,0,0,0
349,183028.9-015603,0.014,0.027,1.6,0.8,11.5,4.5,2.21e+22,2.6e+22,9.52e+22,140000,211000,1.479e+06,0.2,protostellar,1,0,0
350,183029.2-020831,0.039,0.048,0.19,0.07,14.4,1.5,4.8e+21,1e+21,1.5e+21,24000,5000,9000,4,starless,0,0,0
351,183029.2-015650,0.029,0.038,1.09,0.13,11.9,0.4,2.7e+22,9e+21,1.5e+22,149000,52000,112000,0.5,protostellar,0,0,0
352,183030.6-015316,0.03,0.043,0.45,0.23,11.5,4.5,5.1e+21,2.9e+21,6e+21,26000,15000,44000,1.3,prestellar,1,0,0
353,183032.5-015439,0.032,0.04,1.58,0.85,8,0.9,2.19e+22,1.2e+22,1.82e+22,119000,66000,124000,0.4,prestellar,0,0,0
354,183032.7-021816,0.098,0.1,0.65,0.33,14.5,4.5,3.2e+21,8e+20,8e+20,9000,2000,2000,3,starless,1,0,0
355,183032.9-012851,0.064,0.068,0.48,0.24,11.5,4.5,2.8e+21,1.2e+21,1.4e+21,11000,4000,5000,2.6,prestellar,1,1,0
356,183033.3-015918,0.026,0.039,1.03,0.37,9.6,0.8,1.75e+22,7.9e+21,1.75e+22,95000,44000,145000,0.5,prestellar,0,0,0
357,183035.3-015724,0.04,0.049,1.2,0.55,9,0.9,1.76e+22,5.9e+21,9.1e+21,84000,26000,50000,0.6,prestellar,0,0,0
358,183035.7-020518,0.055,0.06,1.87,0.89,9.3,1,1.27e+22,6.2e+21,7.4e+21,54000,22000,30000,0.6,prestellar,0,0,0
359,183036.2-021708,0.026,0.035,0.1,0.03,13.9,0.9,1.7e+21,1e+21,1.8e+21,10000,6000,15000,5.1,starless,0,0,0
360,183036.2-011742,0.055,0.061,0.31,0.16,11.5,4.5,2.4e+21,1e+21,1.2e+21,10000,4000,5000,3.5,starless,1,0,0
361,183036.9-021141,0.024,0.036,0.58,0.13,10.6,0.6,1.22e+22,5.3e+21,1.24e+22,69000,32000,115000,0.8,prestellar,0,0,0
362,183037.5-020856,0.055,0.06,0.36,0.05,15.5,0.6,4.6e+21,1.2e+21,1.4e+21,20000,4000,5000,3.1,protostellar,0,0,0
363,183037.8-022234,0.14,0.14,2.43,0.54,12.8,0.7,3.4e+21,1.4e+21,1.5e+21,7000,2000,2000,1.1,prestellar,0,0,0
364,183037.9-015237,0.035,0.043,1.97,0.52,8.9,0.6,2.92e+22,1.25e+22,1.86e+22,152000,64000,115000,0.4,prestellar,0,0,0
365,183037.9-021012,0.023,0.033,0.03,0.01,14.5,4.5,1e+21,3e+20,7e+20,6000,2000,7000,15.4,starless,1,0,0
366,183038.6-042955,0.025,0.038,0.65,0.17,9.6,0.5,1.1e+22,5.4e+21,1.26e+22,61000,31000,112000,0.8,prestellar,0,0,0
367,183038.8-015550,0.019,0.03,0.05,0.04,14.8,4.6,2.7e+21,7e+20,1.6e+21,17000,5000,19000,7.5,starless,0,0,0
368,183040.6-015126,0.022,0.034,0.24,0.12,11.5,4.5,3e+21,2.4e+21,5.6e+21,18000,16000,55000,1.9,prestellar,1,0,0
369,183040.8-023124,0.045,0.05,0.06,0.03,14.5,4.5,1.4e+21,3e+20,4e+20,7000,1000,2000,14,starless,1,0,0
370,183041.7-041557,0.063,0.068,0.37,0.18,12.2,1.5,3.6e+21,1e+21,1.1e+21,14000,3000,4000,3.4,starless,0,0,0
371,183041.8-015840,0.041,0.047,0.29,0.15,11.5,4.5,4e+21,1.6e+21,2.1e+21,20000,7000,11000,2.8,prestellar,1,1,0
372,183041.9-015306,0.052,0.059,1.96,0.83,9.3,0.9,1.86e+22,6.6e+21,8.5e+21,79000,24000,35000,0.5,prestellar,0,0,0
373,183042.2-023009,0.025,0.035,0.27,0.15,9.4,1.1,4.8e+21,2.6e+21,5.1e+21,28000,17000,45000,1.8,prestellar,0,0,0
374,183042.4-021256,0.023,0.035,0.14,0.06,12.2,1.2,3.9e+21,1.4e+21,3.2e+21,22000,9000,31000,3.2,prestellar,0,1,0
375,183042.4-011724,0.053,0.058,0.51,0.22,11.5,1.3,3.7e+21,1.8e+21,2.2e+21,16000,7000,9000,2,prestellar,0,1,0
376,183042.5-015625,0.016,0.028,0.19,0.17,10.4,2.1,3.5e+21,2.9e+21,9.2e+21,22000,23000,129000,1.6,prestellar,0,0,0
377,183042.7-013514,0.052,0.057,0.64,0.21,10.9,0.9,7.7e+21,2.4e+21,2.8e+21,34000,9000,12000,1.6,prestellar,0,0,0
378,183044.3-015719,0.052,0.056,0.56,0.28,11.5,4.5,6.2e+21,2.1e+21,2.5e+21,27000,8000,11000,1.8,prestellar,1,0,0
379,183045.2-023018,0.03,0.038,0.09,0.04,14.5,4.5,2e+21,7e+20,1.1e+21,11000,4000,8000,7,starless,1,0,0
380,183045.6-012137,0.031,0.039,0.13,0.06,11.5,4.5,1.3e+21,1e+21,1.5e+21,7000,6000,11000,4.9,starless,1,0,0
381,183045.7-022622,0.03,0.039,1.02,0.47,8.1,0.7,1.4e+22,7.8e+21,1.32e+22,76000,44000,95000,0.6,prestellar,0,0,0
382,183046.1-012030,0.062,0.067,0.77,0.14,11.5,0.4,5.8e+21,2.1e+21,2.4e+21,23000,7000,8000,1.6,prestellar,0,0,0
383,183046.8-022758,0.028,0.038,0.15,0.07,11.5,4.5,2.1e+21,1.2e+21,2.3e+21,11000,7000,18000,3.8,prestellar,1,1,0
384,183047.1-022545,0.026,0.035,0.61,0.34,8.7,1,8.4e+21,5.8e+21,1.1e+22,48000,36000,94000,0.8,prestellar,0,0,0
385,183047.3-015654,0.019,0.03,0.46,0.23,11.5,4.5,7.6e+21,6.2e+21,1.54e+22,47000,46000,180000,0.8,protostellar,1,0,0
386,183048.4-014159,0.024,0.033,0.49,0.22,8.9,0.8,1.37e+22,5.3e+21,1.04e+22,81000,36000,97000,1,prestellar,0,0,0
387,183049.1-011538,0.027,0.035,0.12,0.12,11.3,3.1,2.7e+21,1.2e+21,2e+21,15000,7000,17000,4.3,starless,0,0,0
388,183049.5-015603,0.029,0.037,1.16,0.1,12.2,0.3,2.52e+22,1e+22,1.61e+22,141000,59000,121000,0.5,protostellar,0,0,0
389,183050.3-015400,0.036,0.043,1.02,0.62,8.2,1,2.23e+22,6.7e+21,9.4e+21,117000,34000,58000,0.7,prestellar,0,0,0
390,183050.7-025025,0.022,0.034,0.07,0.04,11.5,4.5,9e+20,8e+20,1.8e+21,5000,5000,17000,5.9,starless,1,0,0
391,183050.8-014524,0.02,0.031,0.31,0.16,11.5,4.5,2.46e+22,3.9e+21,9e+21,149000,27000,98000,1.3,prestellar,1,0,0
392,183051.1-014219,0.039,0.046,0.38,0.19,11.5,4.5,3.4e+21,2.1e+21,3e+21,17000,10000,17000,2,prestellar,1,1,0
393,183051.2-022808,0.03,0.039,0.08,0.04,14.5,4.5,2e+21,7e+20,1.1e+21,11000,4000,8000,7,starless,1,0,0
394,183051.4-011954,0.051,0.056,0.43,0.15,11.8,1,3.4e+21,1.6e+21,2e+21,15000,6000,8000,2.4,prestellar,0,1,0
395,183053.4-014202,0.029,0.038,0.34,0.16,10.1,1.1,6.4e+21,2.9e+21,4.9e+21,36000,17000,37000,1.7,prestellar,0,0,0
396,183053.4-015014,0.036,0.043,0.16,0.09,13.4,2.2,3.8e+21,1e+21,1.4e+21,20000,5000,9000,4.5,starless,0,0,0
397,183053.4-015535,0.027,0.037,2.09,0.86,7.8,0.6,7.7e+21,1.79e+22,3.33e+22,43000,105000,267000,0.3,prestellar,0,0,0
398,183054.0-014921,0.024,0.036,0.16,0.07,11.5,1.1,2.7e+21,1.5e+21,3.4e+21,15000,9000,31000,2.9,prestellar,0,1,0
399,183054.7-014534,0.077,0.08,1.27,0.34,13,1.1,6.7e+21,2.3e+21,2.6e+21,23000,6000,7000,1.2,prestellar,0,0,0
400,183054.7-011502,0.02,0.031,0.09,0.1,11.4,3.3,2.6e+21,1.1e+21,2.5e+21,15000,7000,27000,4.6,starless,0,0,0
401,183054.9-014831,0.019,0.029,0.09,0.05,11.5,4.5,1.3e+21,1.2e+21,3.1e+21,8000,9000,37000,4,prestellar,1,1,0
402,183054.9-020803,0.018,0.03,0.09,0.03,16.5,1.6,2.2e+21,1.2e+21,3.3e+21,13000,9000,40000,3.9,prestellar,0,1,0
403,183055.5-015425,0.042,0.048,0.69,0.35,11.5,4.5,7e+21,3.5e+21,4.6e+21,34000,16000,24000,1.2,prestellar,1,0,0
404,183055.6-020830,0.026,0.035,0.27,0.08,15.1,1.1,3.7e+21,2.6e+21,4.7e+21,21000,16000,39000,1.9,prestellar,0,0,0
405,183056.4-021120,0.022,0.033,0.19,0.15,10.5,1.6,5.7e+21,2.1e+21,4.9e+21,34000,14000,50000,2.2,prestellar,0,1,0
406,183057.4-014048,0.05,0.055,0.29,0.14,11.5,4.5,2.4e+21,1.1e+21,1.4e+21,11000,4000,6000,3.4,prestellar,1,1,0
407,183057.7-020843,0.012,0.024,0.25,0.07,12.4,1,4.8e+21,5e+21,2.22e+22,32000,45000,421000,0.9,prestellar,0,0,0
408,183058.4-020554,0.031,0.039,0.12,0.06,15.1,1.8,2.4e+21,1e+21,1.5e+21,13000,5000,10000,5,starless,0,0,0
409,183058.5-022648,0.061,0.065,1.28,0.37,10.7,0.8,8.9e+21,3.6e+21,4.1e+21,36000,12000,15000,0.9,prestellar,0,0,0
410,183059.9-021957,0.081,0.084,0.33,0.09,17.1,1.9,1.8e+21,6e+20,6e+20,6000,1000,2000,4.8,starless,0,0,0
411,183100.2-020152,0.017,0.029,0.03,0.01,22.4,2,1.3e+21,4e+20,1.3e+21,8000,3000,16000,11,protostellar,0,0,0
412,183100.2-015959,0.021,0.031,0.1,0.02,21.7,1.3,2.4e+21,1.2e+21,2.9e+21,14000,9000,31000,3.9,protostellar,0,0,0
413,183100.2-011845,0.024,0.036,0.16,0.13,10.1,1.9,4.6e+21,1.4e+21,3.2e+21,26000,9000,29000,3.1,prestellar,0,1,0
414,183100.6-022713,0.05,0.055,0.45,0.22,11.5,4.5,4.3e+21,1.8e+21,2.2e+21,19000,7000,10000,2.2,prestellar,1,1,0
415,183102.1-011555,0.045,0.052,0.62,0.1,12.1,0.5,7.3e+21,2.8e+21,3.6e+21,34000,12000,18000,1.4,prestellar,0,0,0
416,183102.6-021016,0.02,0.031,1.23,0.14,11.8,0.3,2.23e+22,1.54e+22,3.8e+22,135000,110000,426000,0.3,prestellar,0,0,0
417,183102.9-021605,0.023,0.033,0.14,0.07,14.5,4.5,3.2e+21,1.5e+21,3.2e+21,19000,10000,30000,3.2,prestellar,1,1,0
418,183103.2-021354,0.024,0.035,0.32,0.12,11.5,1.1,5.3e+21,3e+21,6.7e+21,30000,19000,62000,1.5,prestellar,0,0,0
419,183103.6-020641,0.037,0.044,0.05,0.04,15.5,3.5,2.2e+21,3e+20,5e+20,11000,2000,3000,13.7,starless,0,0,0
420,183103.7-020944,0.02,0.032,4.93,0.3,11.3,0.2,8.38e+22,5.86e+22,1.498e+23,502000,406000,1.661e+06,0.1,prestellar,0,0,0
421,183104.4-015227,0.026,0.039,0.34,0.17,11.5,4.5,4.2e+21,2.7e+21,6e+21,23000,15000,50000,1.5,prestellar,1,0,0
422,183104.7-021243,0.02,0.031,0.12,0.05,13.3,1.4,3.2e+21,1.5e+21,3.7e+21,19000,10000,40000,3.2,prestellar,0,1,0
423,183105.3-011450,0.015,0.028,0.04,0.02,11.5,4.5,6e+20,6e+20,2.2e+21,4000,5000,32000,7.3,starless,1,0,0
424,183106.0-020755,0.019,0.031,0.05,0.02,22.1,2.8,1.9e+21,7e+20,1.7e+21,12000,5000,20000,7,starless,0,0,0
425,183106.4-021704,0.047,0.053,2.55,0.62,9.1,0.5,2.39e+22,1.06e+22,1.37e+22,109000,43000,64000,0.4,prestellar,0,0,0
426,183106.5-021119,0.041,0.048,0.38,0.1,13.9,1.1,7.2e+21,2e+21,2.7e+21,35000,9000,14000,2.1,prestellar,0,1,0
427,183107.9-023109,0.03,0.039,0.11,0.06,12.5,2.3,2.7e+21,8e+20,1.4e+21,15000,5000,10000,5.6,starless,0,0,0
428,183109.2-022626,0.033,0.042,0.61,0.32,9.4,1.1,9.3e+21,4.2e+21,6.5e+21,49000,22000,43000,1.1,prestellar,0,0,0
429,183109.6-021410,0.02,0.031,0.04,0.02,15.2,2.1,1.5e+21,4e+20,1e+21,9000,3000,11000,11.2,starless,0,0,0
430,183109.7-015221,0.043,0.05,3.55,1.54,7.2,0.5,3.9e+22,1.69e+22,2.23e+22,186000,74000,113000,0.2,prestellar,0,0,0
431,183109.7-020622,0.014,0.026,2.88,0.57,13.7,1,6.35e+22,4.93e+22,1.661e+23,406000,410000,2.539e+06,0.1,protostellar,0,0,0
432,183109.9-021830,0.07,0.074,1.33,0.28,11.4,0.7,7.9e+21,2.9e+21,3.2e+21,29000,9000,10000,1,prestellar,0,0,0
433,183110.2-020438,0.019,0.031,11.46,1.95,10.3,0.6,1.823e+23,1.403e+23,3.869e+23,1.098e+06,987000,4.52e+06,0,prestellar,0,0,0
434,183110.5-020347,0.019,0.031,4.6,2.3,14.5,4.5,1e+23,5.74e+22,1.456e+23,605000,408000,1.648e+06,0.1,prestellar,1,0,0
435,183110.8-020542,0.019,0.03,3.04,1.52,14.5,4.5,7.95e+22,3.91e+22,1.031e+23,484000,282000,1.208e+06,0.1,prestellar,1,0,0
436,183110.9-021011,0.021,0.032,0.15,0.06,13.9,1.4,4.3e+21,1.8e+21,4.1e+21,26000,12000,43000,2.7,prestellar,0,1,0
437,183111.3-021631,0.02,0.031,0.05,0.03,14.5,4.5,1.7e+21,6e+20,1.5e+21,10000,5000,16000,7.8,starless,1,0,0
438,183111.5-021520,0.021,0.032,0.17,0.06,11.5,0.9,3.6e+21,2e+21,4.7e+21,22000,14000,49000,2.4,prestellar,0,1,0
439,183112.4-020237,0.017,0.028,0.38,0.08,16.4,0.9,7.6e+21,5.5e+21,1.53e+22,47000,43000,196000,0.9,prestellar,0,0,0
440,183112.5-021938,0.053,0.06,0.58,0.11,14.3,0.8,5.7e+21,1.9e+21,2.4e+21,24000,7000,10000,1.8,prestellar,0,0,0
441,183113.2-020207,0.022,0.033,0.26,0.11,16.6,4.4,4.9e+21,2.8e+21,6e+21,29000,19000,59000,1.7,prestellar,0,0,0
442,183114.0-020936,0.027,0.036,0.66,0.28,10.7,1,1.29e+22,6.1e+21,1.04e+22,73000,37000,83000,0.8,prestellar,0,0,0
443,183114.1-021605,0.011,0.024,0.02,0.01,16.4,2,7e+20,5e+20,1.9e+21,5000,4000,37000,10.5,starless,0,0,0
444,183114.3-020721,0.012,0.025,0.4,0.1,20,1.4,3.08e+22,7.4e+21,3.44e+22,199000,64000,646000,0.6,prestellar,0,0,0
445,183114.9-022312,0.033,0.041,0.54,0.17,9.9,0.7,1.03e+22,3.9e+21,5.8e+21,55000,21000,38000,1.2,prestellar,0,0,0
446,183116.6-020151,0.021,0.032,0.03,0.02,27.7,1,5e+20,3e+20,7e+20,3000,2000,8000,15.2,starless,0,0,0
447,183116.7-020709,0.02,0.031,4.41,2.2,14.5,4.5,7.3e+22,5.36e+22,1.286e+23,439000,376000,1.398e+06,0.1,prestellar,1,0,0
448,183117.4-020051,0.022,0.034,0.03,0.01,20.2,3,6e+20,3e+20,7e+20,4000,2000,7000,15.4,starless,0,0,0
449,183117.6-023012,0.035,0.043,0.13,0.06,14,1.8,2e+21,8e+20,1.2e+21,11000,4000,8000,5.5,starless,0,0,0
450,183118.4-021808,0.012,0.025,0.04,0.02,14.3,1.7,1e+21,8e+20,3.1e+21,6000,7000,57000,6.2,starless,0,0,0
451,183118.5-021459,0.014,0.026,0.37,0.07,12.1,0.5,8.7e+21,6.6e+21,2.22e+22,56000,56000,345000,0.8,prestellar,0,0,0
452,183118.6-011809,0.052,0.057,0.22,0.1,12.1,1.7,3.3e+21,8e+20,1e+21,15000,3000,4000,4.7,starless,0,0,0
453,183119.5-020932,0.016,0.028,0.1,0.03,21.5,1.7,1.8e+21,1.6e+21,4.7e+21,11000,13000,63000,3.1,prestellar,0,1,0
454,183119.6-015803,0.02,0.033,0.05,0.02,17.9,2.4,2.1e+21,5e+20,1.4e+21,12000,4000,15000,8.2,starless,0,0,0
455,183120.2-021122,0.057,0.063,0.33,0.02,32.1,0.4,3.2e+21,1e+21,1.2e+21,13000,3000,4000,3.5,starless,0,0,0
456,183120.7-020014,0.016,0.029,0.28,0.04,15.5,0.6,6.9e+21,4e+21,1.28e+22,43000,31000,176000,1.1,prestellar,0,0,0
457,183120.7-023350,0.018,0.03,0.06,0.03,12.7,1.5,7e+20,8e+20,2e+21,5000,6000,25000,6.3,starless,0,0,0
458,183120.8-015923,0.023,0.033,0.41,0.1,12.5,0.6,7.1e+21,4.5e+21,9.4e+21,42000,30000,91000,1.1,prestellar,0,0,0
459,183121.1-020619,0.02,0.031,2.96,0.46,18.6,3.6,4.18e+22,3.63e+22,8.65e+22,252000,256000,940000,0.1,protostellar,0,0,0
460,183122.1-015836,0.024,0.033,0.45,0.18,11.4,1.1,1.23e+22,4.9e+21,9.7e+21,72000,32000,91000,1,prestellar,0,0,0
461,183122.6-020137,0.03,0.038,0.14,0.05,15,1.2,2.7e+21,1.1e+21,1.8e+21,15000,6000,13000,4.4,starless,0,0,0
462,183122.9-021718,0.04,0.047,0.75,0.63,11.1,2.5,1.1e+22,4.1e+21,5.7e+21,55000,19000,31000,1,prestellar,0,0,0
463,183123.3-020845,0.018,0.031,0.18,0.04,20.6,1.3,4.1e+21,2.3e+21,6.3e+21,25000,16000,75000,2,prestellar,0,1,0
464,183123.4-021436,0.033,0.041,0.42,0.1,15.3,1.1,3.5e+21,3e+21,4.4e+21,19000,16000,29000,1.6,prestellar,0,0,0
465,183123.4-021629,0.017,0.028,0.1,0.03,13.8,0.9,3.3e+21,1.5e+21,4.2e+21,20000,12000,53000,3.3,prestellar,0,1,0
466,183123.7-015619,0.035,0.045,1.44,0.39,11.4,0.5,2.36e+22,8.5e+21,1.41e+22,120000,41000,89000,0.5,prestellar,0,0,0
467,183124.2-020754,0.013,0.025,0.03,0.01,25.3,4,8e+20,5e+20,1.9e+21,5000,4000,32000,9.7,starless,0,0,0
468,183124.5-015747,0.021,0.034,0.36,0.04,16.5,0.6,9e+21,3.7e+21,9.6e+21,52000,24000,100000,1.2,prestellar,0,0,0
469,183125.1-021415,0.018,0.03,0.2,0.05,14.4,0.9,3.3e+21,2.7e+21,7.1e+21,20000,20000,87000,1.8,prestellar,0,0,0
470,183125.9-021703,0.025,0.034,0.13,0.08,12.6,1.4,4.7e+21,1.3e+21,2.4e+21,28000,9000,21000,3.8,prestellar,0,1,0
471,183127.2-043437,0.1,0.1,1.67,0.93,10.4,1.4,4.6e+21,1.9e+21,2e+21,13000,4000,4000,1.2,prestellar,0,0,0
472,183127.9-015914,0.031,0.039,0.04,0.03,16.2,3.8,1.1e+21,3e+20,5e+20,6000,2000,3000,15.9,starless,0,0,0
473,183127.9-021600,0.019,0.031,0.66,0.33,14.5,4.5,3.69e+22,8.1e+21,2.23e+22,223000,57000,262000,0.6,prestellar,1,0,0
474,183128.1-043323,0.033,0.041,0.31,0.15,10.3,1.1,5.4e+21,2.2e+21,3.3e+21,29000,12000,22000,2.1,prestellar,0,1,0
475,183128.3-045606,0.026,0.039,0.1,0.05,11.5,4.5,1.2e+21,8e+20,1.7e+21,7000,4000,15000,5.2,starless,1,0,0
476,183128.8-021325,0.018,0.03,0.23,0.05,14.7,0.8,4.2e+21,3.1e+21,8.4e+21,26000,22000,101000,1.5,prestellar,0,0,0
477,183129.6-011940,0.042,0.048,0.61,0.13,10.8,0.5,8.4e+21,3.2e+21,4.2e+21,41000,15000,22000,1.3,prestellar,0,0,0
478,183129.6-021519,0.019,0.03,1.11,0.27,11.2,0.6,2.76e+22,1.43e+22,3.7e+22,168000,104000,431000,0.3,prestellar,0,0,0
479,183129.7-015611,0.051,0.056,0.42,0.08,16.5,0.9,5.8e+21,1.6e+21,2e+21,26000,6000,8000,2.4,prestellar,0,1,0
480,183129.9-023022,0.022,0.035,0.05,0.03,14.5,4.5,1.5e+21,5e+20,1.2e+21,9000,3000,13000,8.6,starless,1,0,0
481,183130.3-021350,0.04,0.049,0.53,0.14,15.8,1.2,5.8e+21,2.6e+21,3.9e+21,28000,12000,21000,1.5,prestellar,0,0,0
482,183130.7-020537,0.017,0.029,0.19,0.09,13.6,3.2,3.4e+21,2.6e+21,7.6e+21,21000,20000,96000,1.8,prestellar,0,0,0
483,183130.9-014806,0.018,0.031,0.16,0.08,11.5,4.5,1.9e+21,2e+21,5.5e+21,11000,14000,65000,2.3,prestellar,1,1,0
484,183131.2-021628,0.024,0.033,0.67,0.16,11.6,0.6,1.22e+22,7.3e+21,1.44e+22,72000,49000,134000,0.7,prestellar,0,0,0
485,183131.3-020827,0.015,0.026,0.04,0.01,29.2,2.2,1.2e+21,8e+20,2.4e+21,7000,6000,35000,6.6,starless,0,0,0
486,183132.3-020859,0.02,0.033,0.05,0.01,23.7,2.2,1.5e+21,6e+20,1.6e+21,9000,4000,17000,7.3,protostellar,0,0,0
487,183133.6-020410,0.018,0.029,0.65,0.05,19.7,0.6,1.38e+22,9.3e+21,2.4e+22,85000,71000,292000,0.5,prestellar,0,0,0
488,183134.1-015937,0.029,0.038,0.07,0.1,13.9,4.5,1.7e+21,6e+20,1e+21,9000,4000,8000,7.8,starless,0,0,0
489,183134.2-022500,0.024,0.036,0.09,0.05,14.5,4.5,2.3e+21,8e+20,2e+21,13000,5000,18000,5,starless,1,0,0
490,183134.6-021533,0.019,0.031,0.61,0.13,11.5,0.6,1.35e+22,7.5e+21,2.03e+22,82000,53000,237000,0.6,prestellar,0,0,0
491,183135.8-020349,0.015,0.026,0.9,0.06,18.4,0.9,1.43e+22,1.58e+22,5.06e+22,91000,133000,765000,0.3,prestellar,0,0,0
492,183136.4-022925,0.025,0.035,0.07,0.04,14.5,4.5,1.8e+21,7e+20,1.4e+21,10000,4000,12000,6.9,starless,1,0,0
493,183136.9-044830,0.019,0.03,0.07,0.04,12.4,1.1,1.2e+21,1e+21,2.5e+21,7000,7000,28000,5.1,starless,0,0,0
494,183137.4-021518,0.024,0.037,2.43,0.24,12.2,0.3,3.27e+22,2.14e+22,5.1e+22,184000,128000,470000,0.2,prestellar,0,0,0
495,183137.7-043312,0.036,0.049,0.42,0.14,12.5,1.1,4.3e+21,2.1e+21,3.8e+21,21000,9000,23000,1.7,prestellar,0,0,0
496,183137.9-021821,0.011,0.024,0.46,0.13,10.7,0.6,6.9e+21,9.8e+21,4.17e+22,45000,90000,797000,0.5,prestellar,0,0,0
497,183137.9-043425,0.032,0.04,0.34,0.18,10.2,1.2,5.1e+21,2.5e+21,3.9e+21,28000,14000,27000,1.9,prestellar,0,0,0
498,183138.3-014627,0.045,0.051,0.4,0.2,11.5,4.5,3e+21,1.8e+21,2.3e+21,14000,8000,11000,2.2,prestellar,1,1,0
499,183138.3-021303,0.022,0.034,0.13,0.02,26.8,1.3,2.8e+21,1.4e+21,3.1e+21,16000,9000,30000,3.4,protostellar,0,0,0
500,183138.5-023255,0.053,0.059,0.13,0.07,14.5,4.5,1.8e+21,4e+20,6e+20,8000,2000,2000,8,starless,1,0,0
501,183138.5-022314,0.028,0.039,0.5,0.11,11.8,0.8,8.5e+21,3.9e+21,7.7e+21,46000,21000,60000,1.1,prestellar,0,0,0
502,183139.2-014804,0.054,0.059,0.37,0.18,11.5,4.5,2.5e+21,1.2e+21,1.5e+21,11000,5000,6000,2.9,prestellar,1,1,0
503,183139.2-020331,0.017,0.029,1.55,0.14,18.7,0.4,2.87e+22,2.21e+22,6.17e+22,178000,168000,783000,0.2,prestellar,0,0,0
504,183139.4-021655,0.019,0.03,1.95,0.26,12.2,0.5,3.86e+22,2.61e+22,6.5e+22,237000,193000,756000,0.2,protostellar,0,0,0
505,183139.5-022944,0.033,0.041,0.41,0.17,9.8,1,6.6e+21,2.9e+21,4.4e+21,35000,15000,29000,1.6,prestellar,0,0,0
506,183139.7-044939,0.021,0.032,0.16,0.04,11.8,0.6,2.7e+21,1.8e+21,4.2e+21,16000,12000,43000,2.6,prestellar,0,1,0
507,183140.1-014843,0.02,0.03,0.22,0.11,11.5,4.5,2.6e+21,2.8e+21,6.8e+21,15000,20000,77000,1.8,prestellar,1,0,0
508,183140.8-014427,0.043,0.051,0.41,0.21,11.5,4.5,2.6e+21,1.9e+21,2.6e+21,12000,8000,13000,2.1,prestellar,1,1,0
509,183140.9-020610,0.019,0.03,0.06,0.03,25.7,2.2,1.8e+21,8e+20,2.1e+21,11000,6000,24000,5.9,starless,0,0,0
510,183141.1-022323,0.028,0.037,0.14,0.04,18.5,1.7,2.1e+21,1.2e+21,2.1e+21,12000,7000,16000,4,prestellar,0,1,0
511,183143.3-022317,0.022,0.032,0.08,0.04,13.7,1.6,2.3e+21,9e+20,2e+21,14000,6000,20000,5.5,starless,0,0,0
512,183143.8-020440,0.017,0.028,4.17,0.69,11.4,0.6,6.53e+22,6.22e+22,1.792e+23,408000,483000,2.363e+06,0.1,prestellar,0,0,0
513,183144.4-020058,0.027,0.036,0.13,0.07,20,2.6,2.1e+22,1.2e+21,2.1e+21,119000,7000,17000,4,prestellar,0,1,0
514,183144.4-022732,0.019,0.03,0.11,0.06,11.5,4.5,1.8e+21,1.5e+21,3.9e+21,11000,11000,46000,3.2,prestellar,1,1,0
515,183145.1-020310,0.013,0.025,0.03,0.01,25.2,1.1,2.89e+22,6e+20,2.2e+21,188000,5000,38000,8.4,protostellar,0,0,0
516,183145.8-022102,0.017,0.03,0.44,0.09,12.4,0.6,1.05e+22,5.9e+21,1.76e+22,64000,44000,223000,0.8,prestellar,0,0,0
517,183145.9-015946,0.03,0.04,0.82,0.14,15.4,0.9,1.47e+22,6e+21,1.11e+22,79000,32000,82000,0.7,prestellar,0,0,0
518,183146.6-020543,0.016,0.027,0.51,0.06,18.1,0.7,1.1e+22,8.4e+21,2.49e+22,70000,69000,352000,0.6,prestellar,0,0,0
519,183147.0-020425,0.038,0.045,3.47,0.3,16.1,0.4,4.9e+22,2.05e+22,2.84e+22,249000,100000,163000,0.2,prestellar,0,0,0
520,183147.2-011627,0.082,0.086,0.95,0.47,11.5,4.5,3.2e+21,1.5e+21,1.7e+21,10000,4000,4000,1.7,prestellar,1,0,0
521,183147.2-022608,0.02,0.031,0.17,0.14,10.1,1.7,3.4e+21,2.1e+21,5e+21,21000,15000,54000,2.3,prestellar,0,1,0
522,183147.5-023004,0.018,0.03,0.27,0.17,9.7,1.3,6e+21,3.6e+21,1.01e+22,37000,27000,123000,1.3,prestellar,0,0,0
523,183147.7-013634,0.066,0.071,0.6,0.3,11.5,4.5,3.4e+21,1.4e+21,1.6e+21,13000,4000,5000,2.2,prestellar,1,1,0
524,183148.1-015841,0.018,0.029,0.03,0.02,20,3.6,6e+20,5e+20,1.2e+21,4000,3000,15000,11.1,starless,0,0,0
525,183148.3-020348,0.022,0.033,3.58,0.81,10.8,0.7,6.77e+22,3.86e+22,8.47e+22,398000,255000,829000,0.1,prestellar,0,0,0
526,183148.3-020139,0.024,0.037,4.05,2.03,14.5,4.5,7.81e+22,3.59e+22,8.38e+22,440000,215000,767000,0.1,prestellar,1,0,0
527,183148.5-020835,0.03,0.039,0.39,0.05,16.9,0.7,5.9e+21,3e+21,4.9e+21,32000,17000,36000,1.6,prestellar,0,0,0
528,183148.5-015536,0.014,0.027,0.19,0.03,14.7,0.5,5.5e+21,3.1e+21,1.2e+22,35000,26000,191000,1.4,prestellar,0,0,0
529,183149.0-022903,0.032,0.04,0.86,0.36,9,0.9,1.33e+22,6.3e+21,9.7e+21,71000,34000,66000,0.7,prestellar,0,0,0
530,183149.2-013146,0.097,0.1,0.47,0.19,14,1.8,3.3e+21,6e+20,6e+20,9000,1000,1000,4.1,starless,0,0,0
531,183149.3-022024,0.013,0.025,0.15,0.08,13.8,1.7,1.1e+22,2.9e+21,1.04e+22,71000,25000,173000,1.7,prestellar,0,0,0
532,183149.3-020038,0.022,0.034,2.05,0.62,11.5,0.7,5.36e+22,2.16e+22,4.89e+22,313000,141000,480000,0.2,prestellar,0,0,0
533,183149.4-011659,0.057,0.062,0.43,0.21,11.5,4.5,2.8e+21,1.3e+21,1.5e+21,12000,5000,6000,2.7,prestellar,1,1,0
534,183150.6-021801,0.02,0.031,0.4,0.2,14.5,4.5,1.11e+22,5.1e+21,1.23e+22,68000,37000,137000,1,prestellar,1,0,0
535,183150.6-011557,0.028,0.036,0.24,0.2,9.4,2.2,2.2e+21,2.2e+21,3.8e+21,12000,14000,30000,2.2,prestellar,0,1,0
536,183150.8-014824,0.036,0.043,0.24,0.07,13,0.9,3e+21,1.5e+21,2.2e+21,15000,8000,13000,3,prestellar,0,1,0
537,183151.0-013451,0.024,0.035,0.12,0.06,11.5,4.5,1.3e+21,1.1e+21,2.4e+21,7000,7000,22000,4,prestellar,1,1,0
538,183151.1-014917,0.026,0.038,0.04,0.02,14.5,4.5,1.4e+21,4e+20,7e+20,8000,2000,6000,12,starless,1,0,0
539,183151.3-015751,0.032,0.039,0.78,0.11,15.2,0.4,1.16e+22,6e+21,9.4e+21,63000,33000,65000,0.8,prestellar,0,0,0
540,183151.7-015330,0.027,0.04,0.26,0.05,13.6,0.7,3.8e+21,1.9e+21,4.1e+21,20000,10000,33000,2.1,prestellar,0,1,0
541,183151.9-015448,0.023,0.035,0.2,0.03,16.4,0.6,4.5e+21,1.9e+21,4.6e+21,26000,12000,44000,2.3,protostellar,0,0,0
542,183151.9-020711,0.015,0.027,0.06,0.01,26.8,2,1.5e+21,1e+21,3.5e+21,10000,8000,53000,4.6,prestellar,0,1,0
543,183152.3-020127,0.021,0.032,1.17,0.33,11.1,0.5,2.03e+22,1.4e+22,3.2e+22,122000,97000,337000,0.4,protostellar,0,0,0
544,183152.6-022938,0.014,0.027,0.72,0.15,12.6,1.1,1.16e+22,1.21e+22,4.5e+22,74000,100000,718000,0.4,protostellar,0,0,0
545,183152.7-015727,0.02,0.03,1.16,0.15,11.8,0.3,1.8e+22,1.49e+22,3.56e+22,110000,108000,397000,0.3,prestellar,0,0,0
546,183153.3-020335,0.03,0.04,0.75,0.15,15.5,0.9,1.28e+22,5.6e+21,9.8e+21,69000,31000,71000,0.8,prestellar,0,0,0
547,183153.5-021922,0.028,0.039,2.87,0.65,10.9,1.1,5.48e+22,2.22e+22,4.41e+22,298000,124000,348000,0.2,prestellar,0,0,0
548,183153.7-020111,0.024,0.033,0.84,0.18,12.9,0.7,1.82e+22,8.9e+21,1.71e+22,107000,58000,156000,0.6,prestellar,0,0,0
549,183154.2-020617,0.022,0.035,0.07,0.04,17,2.9,1.2e+21,7e+20,1.7e+21,7000,4000,17000,6.2,starless,0,0,0
550,183155.1-023006,0.058,0.062,0.62,0.31,11.5,4.5,5.4e+21,1.9e+21,2.2e+21,22000,7000,8000,1.8,prestellar,1,0,0
551,183156.0-013543,0.029,0.038,0.27,0.14,10.7,1.3,5.3e+21,2.2e+21,3.7e+21,30000,13000,28000,2.1,prestellar,0,1,0
552,183156.3-015741,0.017,0.028,0.26,0.08,12.8,1.1,4e+21,4.1e+21,1.12e+22,25000,32000,148000,1.3,prestellar,0,0,0
553,183156.3-015509,0.021,0.032,0.01,0.01,29.4,7.2,5e+20,1e+20,2e+20,3000,1000,2000,46.9,starless,0,0,0
554,183156.9-015916,0.019,0.03,0.13,0.03,14.4,1.3,3.3e+21,1.7e+21,4.3e+21,20000,13000,49000,2.8,prestellar,0,1,0
555,183157.2-015010,0.036,0.044,0.86,0.43,11.5,4.5,1.61e+22,5.2e+21,7.9e+21,82000,26000,48000,0.8,prestellar,1,0,0
556,183157.4-020025,0.015,0.027,0.66,0.1,12.9,0.4,1.3e+22,1.07e+22,3.49e+22,82000,87000,511000,0.4,prestellar,0,0,0
557,183157.5-015632,0.017,0.028,0.22,0.05,14.7,0.8,3.9e+21,3.4e+21,9.4e+21,24000,27000,125000,1.5,prestellar,0,0,0
558,183157.6-044207,0.011,0.024,0.07,0.03,11.5,4.5,1.1e+21,1.4e+21,6.1e+21,7000,13000,117000,3.3,prestellar,1,1,0
559,183158.5-023256,0.02,0.03,0.34,0.2,9.1,1.3,9.1e+21,4.4e+21,1.04e+22,55000,32000,116000,1.2,prestellar,0,0,0
560,183159.4-014406,0.059,0.063,0.86,0.43,11.5,4.5,5.6e+21,2.5e+21,3e+21,23000,9000,11000,1.4,prestellar,1,0,0
561,183159.6-014916,0.03,0.04,0.23,0.12,11.5,4.5,1.62e+22,1.7e+21,3.1e+21,87000,9000,22000,2.5,prestellar,1,1,0
562,183159.9-022016,0.033,0.042,0.66,0.39,9.6,1.5,1.78e+22,4.5e+21,7.1e+21,94000,23000,46000,1,prestellar,0,0,0
563,183159.9-023113,0.031,0.039,0.17,0.12,11.5,1.7,3e+21,1.3e+21,2.1e+21,16000,7000,15000,3.6,prestellar,0,1,0
564,183200.1-020005,0.022,0.033,0.93,0.1,12.9,0.3,1.9e+22,1.02e+22,2.37e+22,112000,68000,240000,0.5,prestellar,0,0,0
565,183200.1-015540,0.016,0.028,0.02,0.01,17.7,3.6,6e+20,3e+20,1.1e+21,4000,3000,15000,13.4,starless,0,0,0
566,183200.8-020539,0.024,0.037,0.18,0.03,17.5,0.7,2.9e+21,1.5e+21,3.6e+21,16000,9000,33000,2.7,prestellar,0,1,0
567,183200.9-043226,0.022,0.032,0.04,0.02,14.5,4.5,1.1e+21,5e+20,1.1e+21,7000,3000,11000,10.2,starless,1,0,0
568,183201.1-022043,0.011,0.023,0.02,0.01,22.2,2.8,2.4e+21,5e+20,2.1e+21,16000,5000,41000,9.6,starless,0,0,0
569,183201.2-044311,0.014,0.027,0.05,0.4,13.2,1.9,3.3e+21,9e+20,3e+21,21000,7000,45000,5.5,starless,0,0,0
570,183201.3-022942,0.021,0.033,0.04,0.04,16.4,4.8,1.5e+21,5e+20,1e+21,9000,3000,11000,10.4,starless,0,0,0
571,183201.5-042354,0.035,0.046,0.24,0.12,11.5,4.5,3.7e+21,1.3e+21,2.3e+21,19000,6000,14000,2.9,prestellar,1,1,0
572,183201.9-014324,0.028,0.037,0.41,0.06,12.2,0.4,7.6e+21,3.5e+21,6.1e+21,42000,20000,48000,1.4,prestellar,0,0,0
573,183202.5-020130,0.018,0.029,0.62,0.09,12.6,0.4,1.17e+22,8.7e+21,2.25e+22,73000,66000,273000,0.6,prestellar,0,0,0
574,183202.5-022152,0.016,0.027,0.42,0.1,11.6,0.7,8.6e+21,6.6e+21,1.87e+22,54000,53000,251000,0.8,prestellar,0,0,0
575,183202.7-023245,0.059,0.063,2.58,0.59,9.1,0.4,1.24e+22,7.6e+21,8.7e+21,50000,26000,32000,0.5,prestellar,0,0,0
576,183203.3-015459,0.056,0.061,0.26,0.13,14.5,4.5,4e+21,9e+20,1e+21,17000,3000,4000,4.2,starless,1,0,0
577,183203.6-014757,0.051,0.056,3.55,0.64,8.9,0.4,2.71e+22,1.35e+22,1.63e+22,120000,53000,70000,0.3,prestellar,0,0,0
578,183203.9-020103,0.013,0.025,0.5,0.08,11.5,0.4,1.17e+22,9.4e+21,3.34e+22,76000,82000,548000,0.5,prestellar,0,0,0
579,183204.2-020137,0.022,0.034,1.15,0.15,11.8,0.4,2.31e+22,1.2e+22,2.85e+22,135000,78000,285000,0.4,prestellar,0,0,0
580,183205.2-022111,0.014,0.026,1.47,0.18,12,0.4,3.25e+22,2.58e+22,8.58e+22,208000,218000,1.32e+06,0.2,protostellar,0,0,0
581,183205.5-015529,0.024,0.034,0.05,0.03,14.5,4.5,1.8e+21,5e+20,1e+21,10000,3000,9000,9.2,starless,1,0,0
582,183205.8-015901,0.017,0.028,0.08,0.02,15.6,1.3,3e+21,1.1e+21,3.1e+21,19000,9000,39000,4.5,prestellar,0,1,0
583,183206.9-015945,0.022,0.032,0.15,0.06,14.1,1.2,4.6e+21,1.7e+21,3.8e+21,27000,12000,39000,2.8,prestellar,0,1,0
584,183207.0-023910,0.045,0.05,0.11,0.05,15.2,2,2.4e+21,5e+20,6e+20,11000,2000,3000,8.3,starless,0,0,0
585,183208.4-020115,0.019,0.03,0.23,0.06,12.2,1,5.4e+21,3e+21,7.5e+21,33000,22000,86000,1.6,prestellar,0,0,0
586,183208.7-024211,0.033,0.041,0.77,0.12,10.9,0.4,1.25e+22,5.4e+21,8.6e+21,66000,28000,57000,0.8,prestellar,0,0,0
587,183208.8-015942,0.015,0.027,0.1,0.05,13.4,1.4,3.1e+21,1.7e+21,5.2e+21,20000,14000,74000,2.9,prestellar,0,1,0
588,183209.8-015858,0.018,0.03,0.24,0.07,12.9,0.8,7.4e+21,3.2e+21,8.8e+21,45000,23000,106000,1.5,prestellar,0,0,0
589,183210.2-022424,0.024,0.036,0.06,0.03,14,1.3,1.7e+21,6e+20,1.2e+21,10000,3000,11000,7.9,starless,0,0,0
590,183210.5-022248,0.023,0.035,0.26,0.05,14.3,0.6,4.5e+21,2.5e+21,5.6e+21,26000,16000,52000,1.8,prestellar,0,0,0
591,183210.9-020038,0.023,0.034,0.09,0.03,14.9,1.3,2.6e+21,9e+20,2e+21,15000,6000,19000,5.2,starless,0,0,0
592,183211.4-023718,0.066,0.07,0.23,0.1,14.3,2,2.5e+21,6e+20,6e+20,9000,2000,2000,5.7,starless,0,0,0
593,183212.4-015855,0.017,0.028,0.28,0.09,12.1,0.7,8.4e+21,4.3e+21,1.2e+22,53000,34000,158000,1.2,prestellar,0,0,0
594,183212.9-015928,0.013,0.027,0.34,0.07,12.7,0.6,1.16e+22,5.7e+21,2.31e+22,74000,47000,382000,0.8,prestellar,0,0,0
595,183213.6-015730,0.011,0.023,0.11,0.01,18.9,0.6,4.5e+21,2.5e+21,1.01e+22,30000,24000,193000,2,protostellar,0,0,0
596,183214.1-020837,0.037,0.047,0.28,0.14,14.5,4.5,5.6e+21,1.5e+21,2.5e+21,28000,7000,15000,2.6,prestellar,1,1,0
597,183215.1-015725,0.026,0.035,0.92,0.12,12.4,0.4,1.89e+22,8.8e+21,1.66e+22,108000,55000,142000,0.6,prestellar,0,0,0
598,183215.3-020947,0.053,0.058,0.69,0.35,14.5,4.5,8.8e+21,2.4e+21,2.9e+21,38000,9000,12000,1.5,prestellar,1,0,0
599,183216.1-023449,0.017,0.029,1.27,0.18,12.1,0.6,2.47e+22,1.74e+22,5.3e+22,152000,130000,689000,0.3,protostellar,0,0,0
600,183216.1-024530,0.023,0.036,0.13,0.04,12,0.7,2.9e+21,1.2e+21,3e+21,17000,8000,28000,3.4,prestellar,0,1,0
601,183216.7-021205,0.021,0.033,0.09,0.05,13.2,1.4,2.3e+21,1e+21,2.5e+21,14000,7000,26000,4.4,starless,0,0,0
602,183217.4-015323,0.022,0.034,0.16,0.04,12.1,0.6,3.7e+21,1.7e+21,4.2e+21,22000,11000,43000,2.6,prestellar,0,1,0
603,183217.5-023149,0.026,0.036,0.09,0.07,12.3,2.3,2.9e+21,8e+20,1.5e+21,16000,5000,12000,6.1,starless,0,0,0
604,183218.1-015645,0.014,0.025,0.36,0.18,11.5,4.5,9.5e+21,6.6e+21,2.27e+22,61000,57000,361000,0.8,prestellar,1,0,0
605,183218.4-024142,0.052,0.057,1.06,0.38,9.8,0.9,1.02e+22,3.9e+21,4.7e+21,45000,15000,20000,1,prestellar,0,0,0
606,183219.4-015723,0.02,0.031,0.14,0.08,11.9,1.2,3.4e+21,1.7e+21,4e+21,20000,12000,43000,2.8,prestellar,0,1,0
607,183219.7-015815,0.019,0.03,0.01,0.01,19.2,4.4,4e+20,1e+20,2e+20,2000,1000,2000,57.1,starless,0,0,0
608,183220.0-023216,0.059,0.064,0.29,0.13,13.8,1.7,2.6e+21,9e+20,1e+21,11000,3000,4000,4,starless,0,0,0
609,183221.6-015552,0.011,0.024,0.19,0.07,11.6,0.6,1.01e+22,4e+21,1.74e+22,67000,37000,333000,1.2,prestellar,0,0,0
610,183221.8-015752,0.019,0.03,0.02,0.01,16.8,1.9,1.1e+21,3e+20,7e+20,7000,2000,8000,17.8,starless,0,0,0
611,183222.0-015627,0.034,0.042,0.64,0.11,12.1,0.5,1.48e+22,4.3e+21,6.4e+21,78000,23000,41000,1.1,prestellar,0,0,0
612,183222.6-020047,0.024,0.035,0.03,0.01,14.5,4.5,1.1e+21,3e+20,6e+20,7000,2000,5000,16,starless,1,0,0
613,183222.9-021546,0.044,0.05,0.22,0.05,17.6,1.1,2.3e+21,1.1e+21,1.4e+21,11000,5000,7000,3.9,starless,0,0,0
614,183222.9-020529,0.041,0.048,0.17,0.09,14.5,4.5,2.5e+21,9e+20,1.2e+21,12000,4000,6000,4.7,starless,1,0,0
615,183223.0-022945,0.031,0.04,0.08,0.04,14.5,4.5,1.6e+21,6e+20,1e+21,9000,3000,7000,7.4,starless,1,0,0
616,183223.2-015458,0.018,0.029,0.27,0.06,13.2,0.5,1.19e+22,3.7e+21,9.7e+21,73000,28000,117000,1.3,prestellar,0,0,0
617,183223.9-015334,0.011,0.023,0.21,0.05,12.1,0.5,9.8e+21,4.8e+21,1.91e+22,65000,46000,365000,1.1,prestellar,0,0,0
618,183224.1-021357,0.035,0.042,1.29,0.61,8.2,0.8,1.49e+22,8.6e+21,1.24e+22,78000,45000,77000,0.5,prestellar,0,0,0
619,183224.3-012503,0.11,0.11,1.82,0.91,11.5,4.5,3.9e+21,1.8e+21,1.9e+21,10000,4000,4000,1.2,prestellar,1,0,0
620,183225.9-015403,0.021,0.032,0.29,0.19,11.4,0.7,8.4e+21,3.3e+21,7.6e+21,50000,22000,79000,1.4,prestellar,0,0,0
621,183225.9-020720,0.042,0.048,0.16,0.08,14.5,4.5,2.7e+21,8e+20,1.1e+21,13000,4000,6000,5.3,starless,1,0,0
622,183226.1-023754,0.074,0.078,0.65,0.33,11.5,4.5,2.9e+21,1.3e+21,1.4e+21,10000,4000,4000,2.2,prestellar,1,1,0
623,183226.3-023857,0.035,0.042,0.36,0.14,10.1,1,7.1e+21,2.4e+21,3.4e+21,37000,12000,21000,1.9,prestellar,0,0,0
624,183226.6-012718,0.029,0.041,0.23,0.12,11.5,4.5,2e+21,1.6e+21,3.3e+21,11000,9000,25000,2.5,prestellar,1,1,0
625,183226.8-021229,0.056,0.061,3.18,0.93,8.9,0.6,2.77e+22,1.03e+22,1.22e+22,117000,37000,48000,0.3,prestellar,0,0,0
626,183226.9-035047,0.055,0.06,0.15,0.08,11.5,4.5,1.6e+21,5e+20,6e+20,7000,2000,2000,7.1,starless,1,0,0
627,183227.4-022741,0.041,0.047,1.36,0.29,9.3,0.4,1.96e+22,7.2e+21,9.6e+21,97000,33000,51000,0.6,prestellar,0,0,0
628,183228.1-015520,0.013,0.025,0.02,0.01,16.8,3.1,4e+20,3e+20,1.2e+21,3000,3000,20000,14,starless,0,0,0
629,183228.6-015457,0.021,0.033,0.05,0.02,14.3,2.1,1.3e+21,5e+20,1.3e+21,8000,4000,13000,8.8,starless,0,0,0
630,183228.8-015000,0.03,0.038,0.04,0.03,17.8,4.9,1.4e+21,3e+20,5e+20,8000,2000,4000,15.4,starless,0,0,0
631,183228.8-015221,0.012,0.025,0.75,0.08,13,0.7,1.28e+22,1.46e+22,5.85e+22,84000,130000,1.043e+06,0.3,protostellar,0,0,0
632,183228.9-015811,0.017,0.029,0.03,0.02,14.5,4.5,1e+21,5e+20,1.3e+21,6000,3000,17000,10.3,starless,1,0,0
633,183229.0-015242,0.019,0.031,3.18,0.24,9.8,0.2,5.72e+22,3.89e+22,1.04e+23,345000,274000,1.197e+06,0.1,prestellar,0,0,0
634,183229.5-021128,0.047,0.052,0.83,0.19,11.2,0.7,9.5e+21,3.6e+21,4.5e+21,44000,15000,21000,1.1,prestellar,0,0,0
635,183229.9-014901,0.021,0.032,0.09,0.03,13.9,1,1.7e+21,1e+21,2.3e+21,10000,7000,24000,4.8,starless,0,0,0
636,183230.1-012526,0.034,0.041,0.18,0.09,11.5,4.5,2.3e+21,1.3e+21,1.8e+21,12000,7000,12000,3.7,prestellar,1,1,0
637,183234.0-015134,0.02,0.031,0.46,0.29,8.6,1,1.04e+22,5.7e+21,1.35e+22,63000,40000,148000,0.9,prestellar,0,0,0
638,183234.3-012544,0.033,0.041,0.11,0.06,11.5,4.5,1.7e+21,8e+20,1.2e+21,9000,4000,8000,5.9,starless,1,0,0
639,183235.1-015013,0.032,0.041,0.42,0.13,10.2,0.5,6.6e+21,3.1e+21,4.8e+21,35000,17000,33000,1.5,prestellar,0,0,0
640,183236.0-014916,0.028,0.037,0.56,0.3,8.6,0.9,1.12e+22,5e+21,8.7e+21,63000,30000,69000,1,prestellar,0,0,0
641,183236.3-014841,0.017,0.029,0.79,0.41,8,0.8,1.53e+22,1.14e+22,3.34e+22,95000,87000,437000,0.4,prestellar,0,0,0
642,183237.8-023718,0.054,0.059,0.34,0.13,10.7,0.9,3.5e+21,1.2e+21,1.4e+21,15000,4000,6000,3.1,prestellar,0,1,0
643,183238.5-025028,0.044,0.05,0.38,0.07,13.3,0.8,6e+21,1.8e+21,2.4e+21,28000,8000,12000,2.3,prestellar,0,1,0
644,183238.5-022853,0.047,0.052,0.45,0.09,12.9,0.6,3e+21,2e+21,2.4e+21,14000,8000,11000,2,prestellar,0,1,0
645,183238.6-015033,0.018,0.03,0.18,0.1,11.1,1.5,5.1e+21,2.4e+21,6.6e+21,31000,18000,80000,2,prestellar,0,0,0
646,183238.6-015145,0.014,0.025,0.03,0.02,11.5,4.5,7e+20,6e+20,2.2e+21,4000,5000,35000,7.8,starless,1,0,0
647,183239.1-014702,0.02,0.033,0.15,0.04,12.7,0.6,3.1e+21,1.7e+21,4.4e+21,18000,11000,47000,2.6,prestellar,0,1,0
648,183239.4-015400,0.011,0.024,0.06,0.05,12.8,2.6,3e+21,1.3e+21,5.8e+21,19000,12000,110000,3.5,prestellar,0,1,0
649,183239.9-015332,0.032,0.039,0.07,0.05,15.9,3.5,2.5e+21,5e+20,8e+20,13000,3000,5000,9.5,starless,0,0,0
650,183241.6-014655,0.025,0.034,0.13,0.03,13,0.7,2.8e+21,1.3e+21,2.6e+21,16000,8000,23000,3.7,prestellar,0,1,0
651,183242.2-012543,0.044,0.053,0.25,0.11,14.1,1.8,2e+21,1.1e+21,1.5e+21,9000,4000,8000,3.5,prestellar,0,1,0
652,183242.7-024754,0.017,0.028,0.47,0.23,11.5,4.5,6.8e+21,6.9e+21,2.02e+22,42000,54000,267000,0.7,protostellar,1,0,0
653,183243.0-014925,0.051,0.056,0.33,0.17,11.5,4.5,3e+21,1.2e+21,1.5e+21,13000,5000,7000,3,prestellar,1,1,0
654,183243.0-025035,0.037,0.044,0.2,0.1,11.5,4.5,2.6e+21,1.2e+21,1.8e+21,13000,6000,11000,3.6,prestellar,1,1,0
655,183243.2-015344,0.036,0.043,1.11,0.2,9.7,0.4,1.16e+22,7.1e+21,1.05e+22,60000,36000,64000,0.6,prestellar,0,0,0
656,183246.8-025337,0.018,0.03,0.07,0.04,11.5,4.5,9e+20,9e+20,2.5e+21,6000,7000,31000,5.1,starless,1,0,0
657,183247.6-015150,0.018,0.029,1.57,0.19,9.6,0.2,2.93e+22,2.25e+22,5.8e+22,182000,171000,708000,0.2,prestellar,0,0,0
658,183248.0-023941,0.015,0.027,0.06,0.02,13.5,1.3,1.1e+21,1e+21,3.1e+21,7000,8000,45000,5,protostellar,0,0,0
659,183248.4-022914,0.022,0.034,0.04,0.02,14.5,4.5,1.1e+21,4e+20,1e+21,6000,3000,10000,10.2,starless,1,0,0
660,183249.5-025151,0.027,0.036,0.13,0.09,10.4,2.1,3.7e+21,1.3e+21,2.3e+21,21000,8000,19000,3.9,prestellar,0,1,0
661,183250.7-025356,0.04,0.046,0.32,0.08,12.7,0.8,6.7e+21,1.8e+21,2.4e+21,33000,8000,13000,2.5,prestellar,0,1,0
662,183251.3-024708,0.034,0.046,0.41,0.2,11.5,4.5,4.3e+21,2.3e+21,4.1e+21,21000,11000,27000,1.7,prestellar,1,0,0
663,183251.5-023317,0.054,0.059,0.66,0.16,12,0.8,6.8e+21,2.3e+21,2.7e+21,29000,9000,11000,1.6,prestellar,0,0,0
664,183253.0-032531,0.02,0.032,0.2,0.14,9.2,1.3,2.4e+21,2.3e+21,6.2e+21,14000,16000,69000,1.9,prestellar,0,0,0
665,183253.2-023013,0.05,0.056,0.12,0.06,14.5,4.5,1.9e+21,5e+20,5e+20,9000,2000,2000,8.5,starless,1,0,0
666,183253.2-015101,0.026,0.037,0.15,0.1,12.4,2.2,3.4e+21,1.3e+21,2.7e+21,19000,8000,23000,3.3,prestellar,0,1,0
667,183253.4-025012,0.046,0.055,0.44,0.22,11.5,4.5,6.2e+21,1.7e+21,2.5e+21,28000,7000,12000,2,prestellar,1,1,0
668,183254.4-014903,0.03,0.038,0.45,0.1,11.6,0.7,1.15e+22,3.6e+21,5.8e+21,63000,21000,42000,1.3,prestellar,0,0,0
669,183254.6-014736,0.037,0.046,0.26,0.13,10.3,1.2,5.2e+21,1.5e+21,2.3e+21,26000,7000,13000,2.8,prestellar,0,1,0
670,183255.5-014615,0.023,0.035,0.13,0.04,11.7,0.7,2.3e+21,1.3e+21,3e+21,13000,8000,28000,3.4,prestellar,0,1,0
671,183255.9-025450,0.033,0.044,0.19,0.1,11.2,1.5,3.9e+21,1.2e+21,2.1e+21,20000,6000,14000,3.4,prestellar,0,1,0
672,183256.0-024400,0.043,0.049,0.89,0.17,10.8,0.4,1.51e+22,4.4e+21,5.7e+21,73000,20000,29000,1,prestellar,0,0,0
673,183257.3-025315,0.021,0.032,0.1,0.08,10.8,1.9,1.6e+21,1.2e+21,2.8e+21,9000,8000,29000,4.1,prestellar,0,1,0
674,183257.3-015024,0.028,0.04,0.1,0.06,12.9,2.2,1.7e+21,7e+20,1.5e+21,9000,4000,12000,5.6,starless,0,0,0
675,183258.5-025546,0.017,0.029,0.29,0.12,9.8,0.9,6.1e+21,4e+21,1.12e+22,37000,30000,141000,1.2,prestellar,0,0,0
676,183301.4-024658,0.054,0.059,2,0.53,10.1,0.6,1.98e+22,6.8e+21,8.3e+21,85000,25000,34000,0.5,prestellar,0,0,0
677,183302.2-012618,0.035,0.046,0.13,0.07,11.5,4.5,1.5e+21,8e+20,1.3e+21,7000,4000,8000,5.1,starless,1,0,0
678,183302.7-023005,0.024,0.033,0.1,0.05,11.5,4.5,1.5e+21,1.1e+21,2e+21,9000,7000,19000,4.8,starless,1,0,0
679,183303.4-025106,0.022,0.033,2.08,0.5,7.8,0.4,2.85e+22,2.3e+22,5.01e+22,168000,154000,496000,0.2,prestellar,0,0,0
680,183305.8-025200,0.025,0.037,1.48,0.67,7.1,0.6,1.52e+22,1.25e+22,2.7e+22,85000,73000,233000,0.3,prestellar,0,0,0
681,183306.8-024416,0.031,0.039,0.42,0.05,13,0.4,1.02e+22,3.3e+21,5.3e+21,56000,19000,38000,1.4,protostellar,0,0,0
682,183309.1-023325,0.036,0.044,0.09,0.02,14.3,0.9,1.6e+21,5e+20,8e+20,8000,3000,5000,8.2,starless,0,0,0
683,183309.8-024604,0.049,0.055,0.95,0.26,10.1,0.7,1.19e+22,3.8e+21,4.6e+21,54000,15000,21000,1,prestellar,0,0,0
684,183310.5-023513,0.015,0.026,0.06,0.03,11.5,4.5,9e+20,1e+21,2.9e+21,6000,8000,43000,5.3,starless,1,0,0
685,183312.4-024418,0.043,0.054,0.31,0.15,10.8,1.2,4.2e+21,1.3e+21,2e+21,19000,5000,10000,2.8,prestellar,0,1,0
686,183314.1-023545,0.031,0.039,0.23,0.14,9.7,1.1,3.8e+21,1.8e+21,2.9e+21,20000,10000,21000,2.6,prestellar,0,1,0
687,183314.3-024944,0.019,0.032,0.18,0.13,10,1.5,3.6e+21,2.2e+21,5.8e+21,22000,15000,67000,2.1,prestellar,0,1,0
688,183314.9-024809,0.031,0.04,0.83,0.45,7.7,0.8,9.1e+21,6.1e+21,1.04e+22,49000,33000,74000,0.7,prestellar,0,0,0
689,183316.5-025956,0.029,0.038,0.06,0.04,14.7,3.3,1.6e+21,5e+20,9e+20,9000,3000,6000,9.1,starless,0,0,0
690,183317.8-024903,0.039,0.046,0.15,0.09,13.2,2.3,3.3e+21,8e+20,1.2e+21,17000,4000,7000,5.2,starless,0,0,0
691,183322.2-024238,0.057,0.063,1.13,0.42,8.8,0.8,1.37e+22,3.4e+21,4.2e+21,56000,12000,16000,1,prestellar,0,0,0
692,183329.2-024224,0.034,0.043,0.58,0.19,10,0.8,8.3e+21,3.7e+21,6e+21,43000,19000,39000,1.2,prestellar,0,0,0
693,183329.6-024556,0.023,0.033,0.2,0.1,11.5,4.5,5.2e+21,2.2e+21,4.5e+21,30000,15000,42000,2.3,protostellar,1,0,0
694,183332.4-024637,0.031,0.039,0.64,0.34,7.8,0.8,9.9e+21,5e+21,8.1e+21,54000,28000,58000,0.9,prestellar,0,0,0
695,183340.4-030320,0.032,0.042,0.07,0.04,13.7,2.7,1.3e+21,4e+20,8e+20,7000,2000,5000,9.4,starless,0,0,0
696,183353.6-030437,0.031,0.04,0.24,0.15,10,1.6,4.6e+21,1.8e+21,3.1e+21,25000,10000,22000,2.5,prestellar,0,1,0
697,183354.1-034246,0.021,0.033,0.08,0.04,11.5,4.5,9e+20,9e+20,2.1e+21,5000,6000,21000,5.3,starless,1,0,0
698,183354.3-030534,0.017,0.03,0.2,0.1,10.8,1.3,4.3e+21,2.7e+21,7.9e+21,26000,20000,100000,1.7,prestellar,0,0,0
699,183359.8-030614,0.021,0.033,0.13,0.08,11.6,1.8,3.2e+21,1.4e+21,3.4e+21,19000,9000,35000,3.3,prestellar,0,1,0
700,183404.3-030759,0.032,0.04,0.25,0.08,13.4,1.2,4.6e+21,1.8e+21,2.9e+21,25000,10000,20000,2.6,prestellar,0,1,0
701,183408.1-014203,0.023,0.033,0.12,0.06,12.2,1.4,3.6e+21,1.3e+21,2.7e+21,22000,9000,26000,3.8,prestellar,0,1,0
702,183411.1-014158,0.024,0.035,0.26,0.12,10.2,0.9,5.4e+21,2.5e+21,5.5e+21,31000,16000,51000,1.8,prestellar,0,0,0
703,183414.8-014158,0.043,0.049,0.46,0.13,11.5,0.9,6.8e+21,2.2e+21,2.9e+21,33000,10000,15000,1.9,prestellar,0,0,0
704,183416.7-021619,0.026,0.039,0.06,0.02,15.1,1.2,1e+21,4e+20,1e+21,5000,2000,9000,8.8,starless,0,0,0
705,183426.9-014240,0.033,0.047,0.68,0.19,11.6,0.9,7e+21,3.6e+21,7.5e+21,34000,16000,51000,1,prestellar,0,0,0
706,183428.5-014437,0.019,0.031,0.16,0.1,11.1,1.6,3.4e+21,2e+21,5e+21,20000,14000,57000,2.4,prestellar,0,1,0
707,183432.3-021731,0.017,0.029,0.04,0.02,11.5,4.5,6e+20,6e+20,1.7e+21,4000,5000,22000,7.9,starless,1,0,0
708,183442.2-022052,0.031,0.039,0.04,0.03,15.2,3.4,1.4e+21,3e+20,5e+20,7000,2000,4000,15.6,starless,0,0,0
709,183507.6-030959,0.046,0.053,0.28,0.08,13.7,1.2,4.9e+21,1.2e+21,1.6e+21,22000,5000,7000,3.3,prestellar,0,1,1
710,183509.2-031240,0.024,0.034,0.07,0.03,11.5,4.5,8e+20,7e+20,1.4e+21,5000,5000,12000,7.1,starless,1,0,1
711,183520.4-032055,0.026,0.039,0.39,0.16,9.2,0.8,5.4e+21,3.1e+21,6.8e+21,29000,17000,57000,1.3,prestellar,0,0,0
712,183524.8-030228,0.028,0.037,0.1,0.02,15,1.1,1.7e+21,8e+20,1.4e+21,9000,5000,11000,5.8,starless,0,0,1
713,183540.2-024457,0.031,0.041,0.13,0.06,11.5,4.5,1.3e+21,9e+20,1.6e+21,7000,5000,11000,4.8,starless,1,0,1
714,183540.9-024616,0.016,0.028,0.07,0.03,12.9,1.2,1.1e+21,1e+21,3e+21,7000,8000,40000,4.9,starless,0,0,1
715,183555.4-023134,0.02,0.031,0.22,0.09,10.1,0.9,4.7e+21,2.8e+21,6.5e+21,29000,20000,71000,1.8,prestellar,0,0,1
716,183612.3-021920,0.021,0.032,0.11,0.05,10.9,1.5,2.1e+21,1.3e+21,3.1e+21,12000,9000,33000,3.6,prestellar,0,1,1
717,183618.3-021922,0.035,0.043,0.36,0.22,9.6,1.3,5.7e+21,2.3e+21,3.4e+21,30000,12000,21000,2,prestellar,0,0,1
718,183618.4-020358,0.031,0.04,0.15,0.05,11.9,0.8,2.3e+21,1.2e+21,1.9e+21,12000,6000,14000,4,prestellar,0,1,1
719,183621.9-022231,0.036,0.043,0.2,0.14,12.9,2.4,4.4e+21,1.3e+21,1.8e+21,23000,6000,11000,3.5,prestellar,0,1,1
720,183623.0-022202,0.02,0.031,0.45,0.46,8.4,1.5,6.6e+21,5.6e+21,1.3e+22,40000,40000,140000,0.9,prestellar,0,0,1
721,183625.1-023220,0.02,0.031,0.1,0.05,11.5,4.5,1.2e+21,1.2e+21,2.7e+21,7000,8000,30000,4.2,prestellar,1,1,1
722,183627.9-023955,0.03,0.039,0.44,0.13,11.3,0.6,7.4e+21,3.5e+21,5.9e+21,41000,20000,44000,1.3,prestellar,0,0,1
723,183627.9-021957,0.013,0.025,0.24,0.29,8.8,2,4.1e+21,4.3e+21,1.72e+22,27000,37000,296000,1.1,prestellar,0,0,1
724,183628.8-023253,0.028,0.037,0.15,0.08,11.5,4.5,1.6e+21,1.3e+21,2.3e+21,9000,8000,19000,3.6,prestellar,1,1,1
725,183629.6-022159,0.023,0.033,0.65,0.1,12.2,1,1.07e+22,7e+21,1.5e+22,63000,46000,144000,0.7,protostellar,0,0,1
726,183629.9-023129,0.018,0.029,2.34,1.02,6.7,0.5,1.95e+22,3.37e+22,8.73e+22,121000,257000,1.072e+06,0.2,prestellar,0,0,1
727,183629.9-024723,0.019,0.031,0.43,0.22,11.5,4.5,8.3e+21,5.4e+21,1.47e+22,50000,38000,173000,0.9,protostellar,1,0,1
728,183631.3-022148,0.039,0.045,1.62,0.4,9.9,0.5,2.16e+22,9.5e+21,1.3e+22,109000,46000,74000,0.5,prestellar,0,0,1
729,183634.1-023210,0.021,0.033,2.65,0.49,8.5,0.3,4.21e+22,2.95e+22,7.5e+22,249000,198000,802000,0.2,prestellar,0,0,1
730,183634.3-023106,0.02,0.03,0.81,0.36,8.9,0.7,1.4e+22,1.03e+22,2.45e+22,85000,74000,271000,0.5,prestellar,0,0,1
731,183635.7-022639,0.015,0.026,0.06,0.03,11.5,4.5,9e+20,1e+21,3.3e+21,6000,9000,49000,4.9,starless,1,0,1
732,183636.1-022144,0.016,0.027,0.82,0.15,17.2,1.6,2.62e+22,1.34e+22,3.91e+22,166000,109000,545000,0.4,protostellar,0,0,1
733,183636.8-023333,0.019,0.03,0.37,0.18,11.5,4.5,1.19e+22,4.8e+21,1.22e+22,73000,35000,142000,1,protostellar,1,0,1
734,183638.6-022344,0.011,0.023,0.85,0.24,9.3,0.5,1.62e+22,1.91e+22,7.65e+22,107000,183000,1.461e+06,0.3,protostellar,0,0,1
735,183640.1-022653,0.017,0.029,0.07,0.04,11.5,4.5,9e+20,1e+21,2.9e+21,6000,8000,37000,4.7,starless,1,0,1
736,183640.3-023402,0.019,0.03,1.17,0.33,14.1,3.1,1.75e+22,1.56e+22,3.85e+22,107000,114000,445000,0.3,protostellar,0,0,1
737,183641.5-022048,0.026,0.038,0.09,0.05,11.5,4.5,1.1e+21,7e+20,1.6e+21,6000,4000,13000,5.7,starless,1,0,1
738,183641.7-023455,0.014,0.026,0.27,0.06,11.3,0.6,6.8e+21,5e+21,1.68e+22,44000,43000,265000,1,prestellar,0,0,1
739,183644.6-020125,0.02,0.031,0.09,0.02,14.4,0.8,1.6e+21,1.1e+21,2.7e+21,9000,8000,29000,4.4,prestellar,0,1,1
740,183645.9-022536,0.016,0.028,0.03,0.03,14.3,1.7,1e+21,5e+20,1.5e+21,6000,4000,21000,9.9,starless,0,0,1
741,183646.7-022608,0.036,0.043,0.4,0.33,11.1,2.2,4.5e+21,2.5e+21,3.6e+21,23000,13000,22000,1.8,prestellar,0,0,1
742,183647.1-021715,0.028,0.039,0.08,0.04,11.5,4.5,9e+20,6e+20,1.1e+21,5000,3000,9000,7.4,starless,1,0,1
743,183647.8-020145,0.02,0.031,0.03,0.01,14.5,4.5,9e+20,3e+20,8e+20,6000,2000,9000,14.6,starless,1,0,1
744,183650.2-021455,0.024,0.033,0.35,0.07,11.2,0.4,5.9e+21,3.7e+21,7.1e+21,35000,24000,65000,1.4,prestellar,0,0,1
745,183652.5-021914,0.034,0.042,0.17,0.04,13.5,0.7,2.9e+21,1.2e+21,1.8e+21,15000,6000,11000,3.9,prestellar,0,1,1
746,183652.7-021215,0.046,0.052,0.2,0.05,14.2,0.9,2.7e+21,9e+20,1.1e+21,13000,4000,5000,4.5,starless,0,0,1
747,183652.9-021440,0.021,0.031,0.2,0.11,10.6,1.4,6.4e+21,2.5e+21,5.6e+21,39000,17000,60000,2,prestellar,0,1,1
748,183654.2-021242,0.02,0.031,0.22,0.11,11.1,1.4,4.1e+21,2.8e+21,6.6e+21,25000,20000,72000,1.8,prestellar,0,0,1
749,183703.2-021240,0.02,0.032,0.1,0.02,12.8,0.7,1.7e+21,1.1e+21,2.7e+21,10000,8000,29000,4.2,prestellar,0,1,1
